10:30:54 | INFO     __main__ main     87  CUDA Available: True
10:30:54 | INFO     __main__ main     88  Device Count: 1
10:30:54 | INFO     __main__ main     90  GPU Name: NVIDIA GeForce RTX 4090
10:30:54 | INFO     __main__ main     92  Launching....
model_name: ModelName.OPTA
dataset: DatasetName.SEED_IV
dataset_path: ../data/SEED_IV
cache_dir: ./cache
device: cuda
logging level: LevelName.INFO
task type: TaskTypeName.SUBJECT_INDEPENDENT
split type: SplitTypeName.LEAVE_ONE_SUBJECT_OUT
batch_size: 32
epochs: 1500
data random: False
random seed: 42
failure_log: None
only one experiment: False
only one session: True
learning rate: 0.001
early stop patience: 0
use_gcn: True
time_steps: 2
trim_trial_start_pct: 0.0
opta_pool_capacity: 256
sinkhorn_warmup_epochs: 1000
10:30:54 | INFO     data.dataloder load_data 65  Loading dataset DatasetName.SEED_IV from path ../data/SEED_IV
10:30:54 | INFO     data.dataloder load_data 91  Dataset cache hit: cache/seed_iv_66f7eb7c0b603bf828c6b22f6185a282.pkl
10:30:59 | INFO     data.utils merge_for_all_subjects 74  Merging data and labels....
10:30:59 | INFO     data.utils merge_for_all_subjects 99  Finish merging! data shape: (11914, 62, 5), label shape: (11914,)
10:30:59 | INFO     data.utils merge_for_one_subject 117 Merging data and labels....
10:30:59 | INFO     data.utils merge_for_one_subject 130 Finish merging! data shape: (851, 62, 5), label shape: (851,)
10:30:59 | INFO     model.saber __init__ 108 Use direct distance as adjeceny matrix for GCN.
10:31:00 | INFO     train.training_opta train    164 len of train data: 11914, len of test data: 851
10:31:01 | INFO     utils.metric update   25  --> A new better acc 0.3549 on subject 0 session 0
10:31:01 | INFO     train.training_opta train    359 Epoch 1/1500 | src_ce: 1.0700, dann: 0.6658, tgt_ce: 0.0673, tri: 0.1519, xconf: 1.1784, source_acc: 46.9364, target_acc: 35.4877, best_acc: 35.4877
10:31:01 | INFO     train.training_opta train    373 Epoch 1/1500 | pool_size: 156, agree_rate: 0.3438, M_t_offdiag_max: 0.9722
10:31:02 | INFO     utils.metric update   25  --> A new better acc 0.4618 on subject 0 session 0
10:31:02 | INFO     utils.metric update   25  --> A new better acc 0.5335 on subject 0 session 0
10:31:03 | INFO     utils.metric update   25  --> A new better acc 0.6146 on subject 0 session 0
10:31:04 | INFO     utils.metric update   25  --> A new better acc 0.6675 on subject 0 session 0
10:31:05 | INFO     utils.metric update   25  --> A new better acc 0.6686 on subject 0 session 0
10:31:06 | INFO     utils.metric update   25  --> A new better acc 0.6792 on subject 0 session 0
10:31:32 | INFO     train.training_opta train    359 Epoch 50/1500 | src_ce: 0.0193, dann: 0.7067, tgt_ce: 0.0015, tri: 0.0135, xconf: 0.0338, source_acc: 99.5216, target_acc: 55.4642, best_acc: 67.9201
10:31:32 | INFO     train.training_opta train    373 Epoch 50/1500 | pool_size: 256, agree_rate: 1.0000, M_t_offdiag_max: 0.2263
10:32:05 | INFO     train.training_opta train    359 Epoch 100/1500 | src_ce: 0.0075, dann: 0.7285, tgt_ce: 0.0001, tri: 0.0197, xconf: 0.0200, source_acc: 100.0000, target_acc: 55.6992, best_acc: 67.9201
10:32:05 | INFO     train.training_opta train    373 Epoch 100/1500 | pool_size: 256, agree_rate: 1.0000, M_t_offdiag_max: 0.2648
10:32:38 | INFO     utils.metric update   25  --> A new better acc 0.6957 on subject 0 session 0
10:32:39 | INFO     utils.metric update   25  --> A new better acc 0.7286 on subject 0 session 0
10:32:46 | INFO     train.training_opta train    359 Epoch 150/1500 | src_ce: 0.6044, dann: 9.4786, tgt_ce: 0.1544, tri: 0.4715, xconf: 1.3075, source_acc: 84.6231, target_acc: 45.3584, best_acc: 72.8555
10:32:46 | INFO     train.training_opta train    373 Epoch 150/1500 | pool_size: 256, agree_rate: 0.7500, M_t_offdiag_max: 0.9998
10:33:28 | INFO     train.training_opta train    359 Epoch 200/1500 | src_ce: 1.3749, dann: 73.9667, tgt_ce: 0.0673, tri: 0.4923, xconf: 1.3863, source_acc: 26.8256, target_acc: 28.5546, best_acc: 72.8555
10:33:28 | INFO     train.training_opta train    373 Epoch 200/1500 | pool_size: 256, agree_rate: 0.7812, M_t_offdiag_max: 1.0000
10:34:13 | INFO     train.training_opta train    359 Epoch 250/1500 | src_ce: 1.3681, dann: 32.4191, tgt_ce: 0.0173, tri: 0.4990, xconf: 1.3863, source_acc: 31.8113, target_acc: 23.0317, best_acc: 72.8555
10:34:13 | INFO     train.training_opta train    373 Epoch 250/1500 | pool_size: 256, agree_rate: 0.0000, M_t_offdiag_max: 1.0000
10:34:58 | INFO     train.training_opta train    359 Epoch 300/1500 | src_ce: 1.3742, dann: 30.5492, tgt_ce: 0.0073, tri: 0.4990, xconf: 1.3863, source_acc: 29.2849, target_acc: 30.9048, best_acc: 72.8555
10:34:58 | INFO     train.training_opta train    373 Epoch 300/1500 | pool_size: 256, agree_rate: 0.9375, M_t_offdiag_max: 1.0000
10:35:41 | INFO     train.training_opta train    359 Epoch 350/1500 | src_ce: 1.3757, dann: 19.6542, tgt_ce: 0.0443, tri: 0.4971, xconf: 1.3863, source_acc: 32.3989, target_acc: 21.8566, best_acc: 72.8555
10:35:41 | INFO     train.training_opta train    373 Epoch 350/1500 | pool_size: 256, agree_rate: 0.0312, M_t_offdiag_max: 1.0000
10:36:23 | INFO     train.training_opta train    359 Epoch 400/1500 | src_ce: 1.3766, dann: 8.4047, tgt_ce: 0.0061, tri: 0.4963, xconf: 1.3863, source_acc: 26.0786, target_acc: 21.5041, best_acc: 72.8555
10:36:23 | INFO     train.training_opta train    373 Epoch 400/1500 | pool_size: 256, agree_rate: 0.0312, M_t_offdiag_max: 1.0000
10:37:09 | INFO     train.training_opta train    359 Epoch 450/1500 | src_ce: 1.3753, dann: 3.3041, tgt_ce: 0.0080, tri: 0.4992, xconf: 1.3863, source_acc: 21.4454, target_acc: 21.3866, best_acc: 72.8555
10:37:09 | INFO     train.training_opta train    373 Epoch 450/1500 | pool_size: 256, agree_rate: 0.2812, M_t_offdiag_max: 1.0000
10:37:51 | INFO     train.training_opta train    359 Epoch 500/1500 | src_ce: 1.2436, dann: 0.6886, tgt_ce: 0.0630, tri: 0.1282, xconf: 1.2647, source_acc: 29.4444, target_acc: 25.7344, best_acc: 72.8555
10:37:51 | INFO     train.training_opta train    373 Epoch 500/1500 | pool_size: 256, agree_rate: 0.2188, M_t_offdiag_max: 0.9919
10:38:33 | INFO     train.training_opta train    359 Epoch 550/1500 | src_ce: 1.0386, dann: 0.6926, tgt_ce: 0.1695, tri: 0.1343, xconf: 1.0927, source_acc: 53.1224, target_acc: 34.5476, best_acc: 72.8555
10:38:33 | INFO     train.training_opta train    373 Epoch 550/1500 | pool_size: 256, agree_rate: 0.8750, M_t_offdiag_max: 0.9997
10:39:15 | INFO     train.training_opta train    359 Epoch 600/1500 | src_ce: 0.7903, dann: 0.6850, tgt_ce: 0.1254, tri: 0.0466, xconf: 0.8535, source_acc: 71.5293, target_acc: 58.9894, best_acc: 72.8555
10:39:15 | INFO     train.training_opta train    373 Epoch 600/1500 | pool_size: 256, agree_rate: 1.0000, M_t_offdiag_max: 0.9017
10:40:00 | INFO     train.training_opta train    359 Epoch 650/1500 | src_ce: 0.6761, dann: 0.6805, tgt_ce: 0.0366, tri: 0.0579, xconf: 0.8185, source_acc: 80.0319, target_acc: 66.9800, best_acc: 72.8555
10:40:00 | INFO     train.training_opta train    373 Epoch 650/1500 | pool_size: 256, agree_rate: 0.8125, M_t_offdiag_max: 0.5365
10:40:00 | INFO     utils.metric update   25  --> A new better acc 0.7427 on subject 0 session 0
10:40:47 | INFO     train.training_opta train    359 Epoch 700/1500 | src_ce: 0.5396, dann: 0.6804, tgt_ce: 0.0204, tri: 0.0518, xconf: 0.8044, source_acc: 80.4684, target_acc: 69.2127, best_acc: 74.2656
10:40:47 | INFO     train.training_opta train    373 Epoch 700/1500 | pool_size: 256, agree_rate: 0.8750, M_t_offdiag_max: 0.4209
10:40:58 | INFO     utils.metric update   25  --> A new better acc 0.7709 on subject 0 session 0
10:41:28 | INFO     train.training_opta train    359 Epoch 750/1500 | src_ce: 0.4361, dann: 0.6763, tgt_ce: 0.0079, tri: 0.0738, xconf: 0.8127, source_acc: 82.1806, target_acc: 65.4524, best_acc: 77.0858
10:41:28 | INFO     train.training_opta train    373 Epoch 750/1500 | pool_size: 256, agree_rate: 0.9688, M_t_offdiag_max: 0.3087
10:42:11 | INFO     train.training_opta train    359 Epoch 800/1500 | src_ce: 0.3485, dann: 0.6793, tgt_ce: 0.0069, tri: 0.0301, xconf: 0.8615, source_acc: 88.2743, target_acc: 67.6851, best_acc: 77.0858
10:42:11 | INFO     train.training_opta train    373 Epoch 800/1500 | pool_size: 256, agree_rate: 1.0000, M_t_offdiag_max: 0.3387
10:42:55 | INFO     train.training_opta train    359 Epoch 850/1500 | src_ce: 0.2258, dann: 0.6858, tgt_ce: 0.0048, tri: 0.0378, xconf: 0.6773, source_acc: 88.9626, target_acc: 74.3831, best_acc: 77.0858
10:42:55 | INFO     train.training_opta train    373 Epoch 850/1500 | pool_size: 256, agree_rate: 0.9375, M_t_offdiag_max: 0.4306
10:43:36 | INFO     train.training_opta train    359 Epoch 900/1500 | src_ce: 0.2218, dann: 0.6856, tgt_ce: 0.0056, tri: 0.0242, xconf: 0.5903, source_acc: 88.3750, target_acc: 72.0329, best_acc: 77.0858
10:43:36 | INFO     train.training_opta train    373 Epoch 900/1500 | pool_size: 256, agree_rate: 0.9375, M_t_offdiag_max: 0.2897
10:44:16 | INFO     train.training_opta train    359 Epoch 950/1500 | src_ce: 0.2466, dann: 0.6910, tgt_ce: 0.0021, tri: 0.0521, xconf: 0.7357, source_acc: 91.0190, target_acc: 72.9730, best_acc: 77.0858
10:44:16 | INFO     train.training_opta train    373 Epoch 950/1500 | pool_size: 256, agree_rate: 0.8125, M_t_offdiag_max: 0.3151
10:44:34 | INFO     utils.metric update   25  --> A new better acc 0.7908 on subject 0 session 0
10:44:42 | INFO     utils.metric update   25  --> A new better acc 0.8014 on subject 0 session 0
10:44:59 | INFO     train.training_opta train    359 Epoch 1000/1500 | src_ce: 0.1423, dann: 0.7151, tgt_ce: 0.0150, tri: 0.0459, xconf: 0.2352, source_acc: 93.3691, target_acc: 68.7427, best_acc: 80.1410
10:44:59 | INFO     train.training_opta train    373 Epoch 1000/1500 | pool_size: 256, agree_rate: 1.0000, M_t_offdiag_max: 0.6658
10:45:49 | INFO     train.training_opta train    359 Epoch 1050/1500 | src_ce: 0.0750, dann: 0.7011, tgt_ce: 0.0027, tri: 0.0258, xconf: 0.3171, source_acc: 96.4328, target_acc: 68.8602, best_acc: 80.1410
10:45:49 | INFO     train.training_opta train    373 Epoch 1050/1500 | pool_size: 256, agree_rate: 1.0000, M_t_offdiag_max: 0.3536
10:46:33 | INFO     train.training_opta train    359 Epoch 1100/1500 | src_ce: 0.0542, dann: 0.6937, tgt_ce: 0.0036, tri: 0.0288, xconf: 0.2518, source_acc: 95.7277, target_acc: 65.8049, best_acc: 80.1410
10:46:33 | INFO     train.training_opta train    373 Epoch 1100/1500 | pool_size: 256, agree_rate: 1.0000, M_t_offdiag_max: 0.4906
10:47:19 | INFO     train.training_opta train    359 Epoch 1150/1500 | src_ce: 0.0424, dann: 0.7037, tgt_ce: 0.0055, tri: 0.0254, xconf: 0.1620, source_acc: 96.0215, target_acc: 68.6251, best_acc: 80.1410
10:47:19 | INFO     train.training_opta train    373 Epoch 1150/1500 | pool_size: 256, agree_rate: 0.9688, M_t_offdiag_max: 0.7124
10:48:07 | INFO     train.training_opta train    359 Epoch 1200/1500 | src_ce: 0.0531, dann: 1.1139, tgt_ce: 0.1408, tri: 0.1009, xconf: 0.6732, source_acc: 83.0871, target_acc: 63.6898, best_acc: 80.1410
10:48:07 | INFO     train.training_opta train    373 Epoch 1200/1500 | pool_size: 256, agree_rate: 0.9688, M_t_offdiag_max: 0.9859
10:48:52 | INFO     train.training_opta train    359 Epoch 1250/1500 | src_ce: 1.3256, dann: 46.9959, tgt_ce: 0.0711, tri: 0.4961, xconf: 1.3862, source_acc: 42.5718, target_acc: 39.9530, best_acc: 80.1410
10:48:52 | INFO     train.training_opta train    373 Epoch 1250/1500 | pool_size: 256, agree_rate: 0.2500, M_t_offdiag_max: 1.0000
10:49:35 | INFO     train.training_opta train    359 Epoch 1300/1500 | src_ce: 1.3713, dann: 35.1496, tgt_ce: 0.0253, tri: 0.4984, xconf: 1.3863, source_acc: 30.7705, target_acc: 33.0200, best_acc: 80.1410
10:49:35 | INFO     train.training_opta train    373 Epoch 1300/1500 | pool_size: 256, agree_rate: 0.7500, M_t_offdiag_max: 1.0000
10:50:22 | INFO     train.training_opta train    359 Epoch 1350/1500 | src_ce: 1.3877, dann: 7.3951, tgt_ce: 0.0059, tri: 0.4987, xconf: 1.3863, source_acc: 21.6216, target_acc: 22.4442, best_acc: 80.1410
10:50:22 | INFO     train.training_opta train    373 Epoch 1350/1500 | pool_size: 256, agree_rate: 0.0000, M_t_offdiag_max: 1.0000
10:51:06 | INFO     train.training_opta train    359 Epoch 1400/1500 | src_ce: 0.2810, dann: 0.6798, tgt_ce: 0.0088, tri: 0.0294, xconf: 0.6056, source_acc: 88.2239, target_acc: 54.7591, best_acc: 80.1410
10:51:06 | INFO     train.training_opta train    373 Epoch 1400/1500 | pool_size: 256, agree_rate: 0.9375, M_t_offdiag_max: 0.5872
10:51:55 | INFO     train.training_opta train    359 Epoch 1450/1500 | src_ce: 0.0971, dann: 0.6942, tgt_ce: 0.0038, tri: 0.0220, xconf: 0.3191, source_acc: 92.9327, target_acc: 50.1763, best_acc: 80.1410
10:51:55 | INFO     train.training_opta train    373 Epoch 1450/1500 | pool_size: 256, agree_rate: 0.9688, M_t_offdiag_max: 0.5033
10:52:42 | INFO     train.training_opta train    359 Epoch 1500/1500 | src_ce: 0.0440, dann: 0.6930, tgt_ce: 0.0020, tri: 0.0164, xconf: 0.1424, source_acc: 95.7865, target_acc: 53.1140, best_acc: 80.1410
10:52:42 | INFO     train.training_opta train    373 Epoch 1500/1500 | pool_size: 256, agree_rate: 1.0000, M_t_offdiag_max: 0.5529
10:52:42 | INFO     __main__ main     189 
--------------> Finished training w.r.t. subject 0 session 0 acc 0.8014
10:52:49 | INFO     data.utils merge_for_all_subjects 74  Merging data and labels....
10:52:49 | INFO     data.utils merge_for_all_subjects 99  Finish merging! data shape: (11914, 62, 5), label shape: (11914,)
10:52:49 | INFO     data.utils merge_for_one_subject 117 Merging data and labels....
10:52:49 | INFO     data.utils merge_for_one_subject 130 Finish merging! data shape: (851, 62, 5), label shape: (851,)
10:52:49 | INFO     model.saber __init__ 108 Use direct distance as adjeceny matrix for GCN.
10:52:49 | INFO     train.training_opta train    164 len of train data: 11914, len of test data: 851
10:52:50 | INFO     utils.metric update   25  --> A new better acc 0.3537 on subject 1 session 0
10:52:50 | INFO     train.training_opta train    359 Epoch 1/1500 | src_ce: 1.0640, dann: 0.6778, tgt_ce: 0.0877, tri: 0.1313, xconf: 1.0871, source_acc: 52.9125, target_acc: 35.3702, best_acc: 35.3702
10:52:50 | INFO     train.training_opta train    373 Epoch 1/1500 | pool_size: 156, agree_rate: 0.6562, M_t_offdiag_max: 0.9662
10:52:51 | INFO     utils.metric update   25  --> A new better acc 0.6639 on subject 1 session 0
10:52:51 | INFO     utils.metric update   25  --> A new better acc 0.7321 on subject 1 session 0
10:53:32 | INFO     train.training_opta train    359 Epoch 50/1500 | src_ce: 0.0098, dann: 0.6976, tgt_ce: 0.0014, tri: 0.0080, xconf: 0.0319, source_acc: 98.2625, target_acc: 60.0470, best_acc: 73.2080
10:53:32 | INFO     train.training_opta train    373 Epoch 50/1500 | pool_size: 256, agree_rate: 0.9688, M_t_offdiag_max: 0.0645
10:54:17 | INFO     train.training_opta train    359 Epoch 100/1500 | src_ce: 0.0244, dann: 0.7159, tgt_ce: 0.0039, tri: 0.0190, xconf: 0.0381, source_acc: 99.5216, target_acc: 64.1598, best_acc: 73.2080
10:54:17 | INFO     train.training_opta train    373 Epoch 100/1500 | pool_size: 256, agree_rate: 1.0000, M_t_offdiag_max: 0.3498
10:55:00 | INFO     train.training_opta train    359 Epoch 150/1500 | src_ce: 0.0165, dann: 0.8110, tgt_ce: 0.0050, tri: 0.0391, xconf: 0.0627, source_acc: 98.2038, target_acc: 56.5217, best_acc: 73.2080
10:55:00 | INFO     train.training_opta train    373 Epoch 150/1500 | pool_size: 256, agree_rate: 1.0000, M_t_offdiag_max: 0.5408
10:55:43 | INFO     train.training_opta train    359 Epoch 200/1500 | src_ce: 1.2531, dann: 25.5679, tgt_ce: 0.0621, tri: 0.4989, xconf: 1.3855, source_acc: 47.1378, target_acc: 27.4971, best_acc: 73.2080
10:55:43 | INFO     train.training_opta train    373 Epoch 200/1500 | pool_size: 256, agree_rate: 0.0938, M_t_offdiag_max: 1.0000
10:56:27 | INFO     train.training_opta train    359 Epoch 250/1500 | src_ce: 1.3790, dann: 15.1018, tgt_ce: 0.0722, tri: 0.4972, xconf: 1.3863, source_acc: 22.0833, target_acc: 22.6792, best_acc: 73.2080
10:56:27 | INFO     train.training_opta train    373 Epoch 250/1500 | pool_size: 256, agree_rate: 0.0000, M_t_offdiag_max: 1.0000
10:57:12 | INFO     train.training_opta train    359 Epoch 300/1500 | src_ce: 1.3854, dann: 2.2004, tgt_ce: 0.0826, tri: 0.4984, xconf: 1.3863, source_acc: 20.6396, target_acc: 21.3866, best_acc: 73.2080
10:57:12 | INFO     train.training_opta train    373 Epoch 300/1500 | pool_size: 256, agree_rate: 0.0000, M_t_offdiag_max: 1.0000
10:57:55 | INFO     train.training_opta train    359 Epoch 350/1500 | src_ce: 0.1064, dann: 0.6924, tgt_ce: 0.0130, tri: 0.0310, xconf: 0.1069, source_acc: 98.7746, target_acc: 55.3467, best_acc: 73.2080
10:57:55 | INFO     train.training_opta train    373 Epoch 350/1500 | pool_size: 256, agree_rate: 1.0000, M_t_offdiag_max: 0.4700
10:58:40 | INFO     train.training_opta train    359 Epoch 400/1500 | src_ce: 0.0381, dann: 0.6957, tgt_ce: 0.0035, tri: 0.0213, xconf: 0.0513, source_acc: 97.5659, target_acc: 68.9777, best_acc: 73.2080
10:58:40 | INFO     train.training_opta train    373 Epoch 400/1500 | pool_size: 256, agree_rate: 1.0000, M_t_offdiag_max: 0.4657
10:59:21 | INFO     train.training_opta train    359 Epoch 450/1500 | src_ce: 0.0130, dann: 0.6928, tgt_ce: 0.0162, tri: 0.0243, xconf: 0.0951, source_acc: 99.4796, target_acc: 56.0517, best_acc: 73.2080
10:59:21 | INFO     train.training_opta train    373 Epoch 450/1500 | pool_size: 256, agree_rate: 1.0000, M_t_offdiag_max: 0.7701
11:00:06 | INFO     train.training_opta train    359 Epoch 500/1500 | src_ce: 0.0364, dann: 0.6930, tgt_ce: 0.1023, tri: 0.0748, xconf: 0.3014, source_acc: 98.9844, target_acc: 49.9412, best_acc: 73.2080
11:00:06 | INFO     train.training_opta train    373 Epoch 500/1500 | pool_size: 256, agree_rate: 1.0000, M_t_offdiag_max: 0.9998
11:00:50 | INFO     train.training_opta train    359 Epoch 550/1500 | src_ce: 0.0161, dann: 0.6929, tgt_ce: 0.0166, tri: 0.0961, xconf: 0.2479, source_acc: 94.2924, target_acc: 42.7732, best_acc: 73.2080
11:00:50 | INFO     train.training_opta train    373 Epoch 550/1500 | pool_size: 256, agree_rate: 0.9375, M_t_offdiag_max: 0.9794
11:01:32 | INFO     train.training_opta train    359 Epoch 600/1500 | src_ce: 0.0199, dann: 0.6936, tgt_ce: 0.0432, tri: 0.1138, xconf: 0.5310, source_acc: 95.2493, target_acc: 37.0153, best_acc: 73.2080
11:01:32 | INFO     train.training_opta train    373 Epoch 600/1500 | pool_size: 256, agree_rate: 1.0000, M_t_offdiag_max: 0.9915
11:02:14 | INFO     train.training_opta train    359 Epoch 650/1500 | src_ce: 0.0265, dann: 0.6962, tgt_ce: 0.0015, tri: 0.0421, xconf: 1.2012, source_acc: 90.0621, target_acc: 44.5358, best_acc: 73.2080
11:02:14 | INFO     train.training_opta train    373 Epoch 650/1500 | pool_size: 256, agree_rate: 0.8750, M_t_offdiag_max: 0.9892
11:03:00 | INFO     train.training_opta train    359 Epoch 700/1500 | src_ce: 0.0085, dann: 0.6941, tgt_ce: 0.0010, tri: 0.0945, xconf: 0.3559, source_acc: 95.1318, target_acc: 46.7685, best_acc: 73.2080
11:03:00 | INFO     train.training_opta train    373 Epoch 700/1500 | pool_size: 256, agree_rate: 0.9688, M_t_offdiag_max: 0.9911
11:03:44 | INFO     train.training_opta train    359 Epoch 750/1500 | src_ce: 0.0067, dann: 0.6933, tgt_ce: 0.0020, tri: 0.0784, xconf: 0.1171, source_acc: 92.0514, target_acc: 41.8331, best_acc: 73.2080
11:03:44 | INFO     train.training_opta train    373 Epoch 750/1500 | pool_size: 256, agree_rate: 0.9062, M_t_offdiag_max: 0.9770
11:04:27 | INFO     train.training_opta train    359 Epoch 800/1500 | src_ce: 0.0085, dann: 0.6933, tgt_ce: 0.0021, tri: 0.0301, xconf: 0.3356, source_acc: 96.7181, target_acc: 47.1210, best_acc: 73.2080
11:04:27 | INFO     train.training_opta train    373 Epoch 800/1500 | pool_size: 256, agree_rate: 1.0000, M_t_offdiag_max: 0.9508
11:05:10 | INFO     train.training_opta train    359 Epoch 850/1500 | src_ce: 0.0083, dann: 0.6933, tgt_ce: 0.0083, tri: 0.0513, xconf: 0.1375, source_acc: 97.9772, target_acc: 47.9436, best_acc: 73.2080
11:05:10 | INFO     train.training_opta train    373 Epoch 850/1500 | pool_size: 256, agree_rate: 0.9688, M_t_offdiag_max: 0.9573
11:05:56 | INFO     train.training_opta train    359 Epoch 900/1500 | src_ce: 0.0486, dann: 0.6932, tgt_ce: 0.0000, tri: 0.0227, xconf: 0.2364, source_acc: 98.2793, target_acc: 49.3537, best_acc: 73.2080
11:05:56 | INFO     train.training_opta train    373 Epoch 900/1500 | pool_size: 256, agree_rate: 1.0000, M_t_offdiag_max: 0.9731
11:06:40 | INFO     train.training_opta train    359 Epoch 950/1500 | src_ce: 0.0110, dann: 0.6931, tgt_ce: 0.0001, tri: 0.0271, xconf: 0.2578, source_acc: 98.2290, target_acc: 49.3537, best_acc: 73.2080
11:06:40 | INFO     train.training_opta train    373 Epoch 950/1500 | pool_size: 256, agree_rate: 1.0000, M_t_offdiag_max: 0.9550
11:07:22 | INFO     train.training_opta train    359 Epoch 1000/1500 | src_ce: 0.0066, dann: 0.6935, tgt_ce: 0.0010, tri: 0.0721, xconf: 0.1700, source_acc: 98.8249, target_acc: 49.3537, best_acc: 73.2080
11:07:22 | INFO     train.training_opta train    373 Epoch 1000/1500 | pool_size: 256, agree_rate: 1.0000, M_t_offdiag_max: 0.9837
11:08:08 | INFO     train.training_opta train    359 Epoch 1050/1500 | src_ce: 0.0065, dann: 0.6933, tgt_ce: 0.0000, tri: 0.0163, xconf: 0.2303, source_acc: 97.2889, target_acc: 46.0635, best_acc: 73.2080
11:08:08 | INFO     train.training_opta train    373 Epoch 1050/1500 | pool_size: 256, agree_rate: 1.0000, M_t_offdiag_max: 0.9700
11:08:52 | INFO     train.training_opta train    359 Epoch 1100/1500 | src_ce: 0.0062, dann: 0.6933, tgt_ce: 0.0002, tri: 0.0485, xconf: 0.1138, source_acc: 99.4628, target_acc: 49.3537, best_acc: 73.2080
11:08:52 | INFO     train.training_opta train    373 Epoch 1100/1500 | pool_size: 256, agree_rate: 1.0000, M_t_offdiag_max: 0.9921
11:09:36 | INFO     train.training_opta train    359 Epoch 1150/1500 | src_ce: 0.0106, dann: 0.6935, tgt_ce: 0.0545, tri: 0.0614, xconf: 0.3105, source_acc: 98.9256, target_acc: 49.3537, best_acc: 73.2080
11:09:36 | INFO     train.training_opta train    373 Epoch 1150/1500 | pool_size: 256, agree_rate: 1.0000, M_t_offdiag_max: 0.7024
11:10:26 | INFO     train.training_opta train    359 Epoch 1200/1500 | src_ce: 0.0055, dann: 0.6939, tgt_ce: 0.0000, tri: 0.0182, xconf: 0.0508, source_acc: 99.8993, target_acc: 49.3537, best_acc: 73.2080
11:10:26 | INFO     train.training_opta train    373 Epoch 1200/1500 | pool_size: 256, agree_rate: 1.0000, M_t_offdiag_max: 0.5141
11:11:11 | INFO     train.training_opta train    359 Epoch 1250/1500 | src_ce: 0.0109, dann: 0.6933, tgt_ce: 0.0000, tri: 0.0143, xconf: 0.1309, source_acc: 99.4796, target_acc: 49.3537, best_acc: 73.2080
11:11:11 | INFO     train.training_opta train    373 Epoch 1250/1500 | pool_size: 256, agree_rate: 1.0000, M_t_offdiag_max: 0.7774
11:11:57 | INFO     train.training_opta train    359 Epoch 1300/1500 | src_ce: 0.0108, dann: 0.6934, tgt_ce: 0.0270, tri: 0.0497, xconf: 1.6979, source_acc: 97.2805, target_acc: 46.0635, best_acc: 73.2080
11:11:57 | INFO     train.training_opta train    373 Epoch 1300/1500 | pool_size: 256, agree_rate: 1.0000, M_t_offdiag_max: 0.9786
11:12:45 | INFO     train.training_opta train    359 Epoch 1350/1500 | src_ce: 0.0061, dann: 0.6937, tgt_ce: 0.0001, tri: 0.0198, xconf: 0.1017, source_acc: 98.4304, target_acc: 38.8954, best_acc: 73.2080
11:12:45 | INFO     train.training_opta train    373 Epoch 1350/1500 | pool_size: 256, agree_rate: 1.0000, M_t_offdiag_max: 0.9637
11:13:31 | INFO     train.training_opta train    359 Epoch 1400/1500 | src_ce: 0.0115, dann: 0.6891, tgt_ce: 0.0132, tri: 0.0987, xconf: 0.2269, source_acc: 97.1630, target_acc: 37.7203, best_acc: 73.2080
11:13:31 | INFO     train.training_opta train    373 Epoch 1400/1500 | pool_size: 256, agree_rate: 1.0000, M_t_offdiag_max: 0.9677
11:14:15 | INFO     train.training_opta train    359 Epoch 1450/1500 | src_ce: 0.0059, dann: 0.6951, tgt_ce: 0.0000, tri: 0.0241, xconf: 0.0310, source_acc: 99.6727, target_acc: 45.2409, best_acc: 73.2080
11:14:15 | INFO     train.training_opta train    373 Epoch 1450/1500 | pool_size: 256, agree_rate: 1.0000, M_t_offdiag_max: 0.9485
11:15:03 | INFO     train.training_opta train    359 Epoch 1500/1500 | src_ce: 0.0161, dann: 0.6922, tgt_ce: 0.0072, tri: 0.0365, xconf: 0.1096, source_acc: 98.7494, target_acc: 37.7203, best_acc: 73.2080
11:15:03 | INFO     train.training_opta train    373 Epoch 1500/1500 | pool_size: 256, agree_rate: 1.0000, M_t_offdiag_max: 0.9657
11:15:03 | INFO     __main__ main     189 
--------------> Finished training w.r.t. subject 1 session 0 acc 0.7321
11:15:04 | INFO     data.utils merge_for_all_subjects 74  Merging data and labels....
11:15:04 | INFO     data.utils merge_for_all_subjects 99  Finish merging! data shape: (11914, 62, 5), label shape: (11914,)
11:15:04 | INFO     data.utils merge_for_one_subject 117 Merging data and labels....
11:15:04 | INFO     data.utils merge_for_one_subject 130 Finish merging! data shape: (851, 62, 5), label shape: (851,)
11:15:04 | INFO     model.saber __init__ 108 Use direct distance as adjeceny matrix for GCN.
11:15:04 | INFO     train.training_opta train    164 len of train data: 11914, len of test data: 851
11:15:05 | INFO     utils.metric update   25  --> A new better acc 0.4700 on subject 2 session 0
11:15:05 | INFO     train.training_opta train    359 Epoch 1/1500 | src_ce: 1.0908, dann: 0.6490, tgt_ce: 0.0974, tri: 0.1507, xconf: 1.2621, source_acc: 51.6367, target_acc: 47.0035, best_acc: 47.0035
11:15:05 | INFO     train.training_opta train    373 Epoch 1/1500 | pool_size: 156, agree_rate: 0.7188, M_t_offdiag_max: 0.9679
11:15:06 | INFO     utils.metric update   25  --> A new better acc 0.6886 on subject 2 session 0
11:15:47 | INFO     train.training_opta train    359 Epoch 50/1500 | src_ce: 0.0107, dann: 0.6985, tgt_ce: 0.0013, tri: 0.0115, xconf: 0.0208, source_acc: 98.8501, target_acc: 56.6392, best_acc: 68.8602
11:15:47 | INFO     train.training_opta train    373 Epoch 50/1500 | pool_size: 256, agree_rate: 0.9688, M_t_offdiag_max: 0.1531
11:16:30 | INFO     train.training_opta train    359 Epoch 100/1500 | src_ce: 0.0114, dann: 0.7116, tgt_ce: 0.0011, tri: 0.0187, xconf: 0.0246, source_acc: 99.4208, target_acc: 53.9365, best_acc: 68.8602
11:16:30 | INFO     train.training_opta train    373 Epoch 100/1500 | pool_size: 256, agree_rate: 1.0000, M_t_offdiag_max: 0.2983
11:17:11 | INFO     train.training_opta train    359 Epoch 150/1500 | src_ce: 0.1573, dann: 1.7134, tgt_ce: 0.1568, tri: 0.1933, xconf: 1.6236, source_acc: 83.1711, target_acc: 49.3537, best_acc: 68.8602
11:17:11 | INFO     train.training_opta train    373 Epoch 150/1500 | pool_size: 256, agree_rate: 0.5625, M_t_offdiag_max: 0.9785
11:17:25 | INFO     utils.metric update   25  --> A new better acc 0.7086 on subject 2 session 0
11:17:56 | INFO     train.training_opta train    359 Epoch 200/1500 | src_ce: 1.1516, dann: 13.4847, tgt_ce: 0.1309, tri: 0.4957, xconf: 1.3861, source_acc: 51.6871, target_acc: 29.4947, best_acc: 70.8578
11:17:56 | INFO     train.training_opta train    373 Epoch 200/1500 | pool_size: 256, agree_rate: 0.1562, M_t_offdiag_max: 1.0000
11:18:38 | INFO     train.training_opta train    359 Epoch 250/1500 | src_ce: 0.6644, dann: 0.6965, tgt_ce: 0.2103, tri: 0.4369, xconf: 1.3799, source_acc: 55.6572, target_acc: 50.7638, best_acc: 70.8578
11:18:38 | INFO     train.training_opta train    373 Epoch 250/1500 | pool_size: 256, agree_rate: 0.8125, M_t_offdiag_max: 1.0000
11:18:44 | INFO     utils.metric update   25  --> A new better acc 0.7391 on subject 2 session 0
11:19:06 | INFO     utils.metric update   25  --> A new better acc 0.8355 on subject 2 session 0
11:19:08 | INFO     utils.metric update   25  --> A new better acc 0.8484 on subject 2 session 0
11:19:09 | INFO     utils.metric update   25  --> A new better acc 0.8496 on subject 2 session 0
11:19:21 | INFO     train.training_opta train    359 Epoch 300/1500 | src_ce: 0.1711, dann: 0.6935, tgt_ce: 0.0910, tri: 0.0515, xconf: 0.6153, source_acc: 68.5076, target_acc: 64.8649, best_acc: 84.9589
11:19:21 | INFO     train.training_opta train    373 Epoch 300/1500 | pool_size: 256, agree_rate: 1.0000, M_t_offdiag_max: 0.9350
11:20:03 | INFO     train.training_opta train    359 Epoch 350/1500 | src_ce: 0.0543, dann: 0.6918, tgt_ce: 0.0539, tri: 0.0510, xconf: 0.4322, source_acc: 87.4433, target_acc: 52.5264, best_acc: 84.9589
11:20:03 | INFO     train.training_opta train    373 Epoch 350/1500 | pool_size: 256, agree_rate: 1.0000, M_t_offdiag_max: 0.9831
11:20:48 | INFO     train.training_opta train    359 Epoch 400/1500 | src_ce: 0.0481, dann: 0.6949, tgt_ce: 0.0085, tri: 0.0296, xconf: 0.2507, source_acc: 94.3512, target_acc: 43.8308, best_acc: 84.9589
11:20:48 | INFO     train.training_opta train    373 Epoch 400/1500 | pool_size: 256, agree_rate: 1.0000, M_t_offdiag_max: 0.9399
11:21:32 | INFO     train.training_opta train    359 Epoch 450/1500 | src_ce: 0.0241, dann: 0.6932, tgt_ce: 0.2279, tri: 0.1099, xconf: 2.4329, source_acc: 76.7920, target_acc: 44.5358, best_acc: 84.9589
11:21:32 | INFO     train.training_opta train    373 Epoch 450/1500 | pool_size: 256, agree_rate: 0.9062, M_t_offdiag_max: 0.9962
11:22:15 | INFO     train.training_opta train    359 Epoch 500/1500 | src_ce: 0.0211, dann: 0.6925, tgt_ce: 0.0295, tri: 0.0364, xconf: 0.5502, source_acc: 90.8763, target_acc: 43.8308, best_acc: 84.9589
11:22:15 | INFO     train.training_opta train    373 Epoch 500/1500 | pool_size: 256, agree_rate: 1.0000, M_t_offdiag_max: 0.9948
11:23:01 | INFO     train.training_opta train    359 Epoch 550/1500 | src_ce: 0.0549, dann: 0.6922, tgt_ce: 0.0213, tri: 0.0458, xconf: 0.9923, source_acc: 87.4769, target_acc: 34.4301, best_acc: 84.9589
11:23:01 | INFO     train.training_opta train    373 Epoch 550/1500 | pool_size: 256, agree_rate: 0.9375, M_t_offdiag_max: 0.9165
11:23:45 | INFO     train.training_opta train    359 Epoch 600/1500 | src_ce: 0.0109, dann: 0.6932, tgt_ce: 0.0000, tri: 0.0056, xconf: 0.1871, source_acc: 96.6594, target_acc: 47.2385, best_acc: 84.9589
11:23:45 | INFO     train.training_opta train    373 Epoch 600/1500 | pool_size: 256, agree_rate: 0.9688, M_t_offdiag_max: 0.8202
11:24:25 | INFO     train.training_opta train    359 Epoch 650/1500 | src_ce: 0.0239, dann: 0.6883, tgt_ce: 0.0303, tri: 0.0713, xconf: 0.9425, source_acc: 92.3619, target_acc: 41.0106, best_acc: 84.9589
11:24:25 | INFO     train.training_opta train    373 Epoch 650/1500 | pool_size: 256, agree_rate: 1.0000, M_t_offdiag_max: 0.9886
11:25:07 | INFO     train.training_opta train    359 Epoch 700/1500 | src_ce: 0.0117, dann: 0.6938, tgt_ce: 0.0001, tri: 0.0101, xconf: 0.0346, source_acc: 99.3285, target_acc: 45.9459, best_acc: 84.9589
11:25:07 | INFO     train.training_opta train    373 Epoch 700/1500 | pool_size: 256, agree_rate: 1.0000, M_t_offdiag_max: 0.9081
11:25:51 | INFO     train.training_opta train    359 Epoch 750/1500 | src_ce: 0.0445, dann: 0.6937, tgt_ce: 0.0001, tri: 0.0181, xconf: 0.1606, source_acc: 97.2301, target_acc: 45.9459, best_acc: 84.9589
11:25:51 | INFO     train.training_opta train    373 Epoch 750/1500 | pool_size: 256, agree_rate: 1.0000, M_t_offdiag_max: 0.9435
11:26:36 | INFO     train.training_opta train    359 Epoch 800/1500 | src_ce: 0.0070, dann: 0.6929, tgt_ce: 0.0026, tri: 0.0233, xconf: 0.1065, source_acc: 98.5144, target_acc: 38.4254, best_acc: 84.9589
11:26:36 | INFO     train.training_opta train    373 Epoch 800/1500 | pool_size: 256, agree_rate: 1.0000, M_t_offdiag_max: 0.9544
11:27:17 | INFO     train.training_opta train    359 Epoch 850/1500 | src_ce: 0.0074, dann: 0.6930, tgt_ce: 0.0080, tri: 0.0392, xconf: 0.1318, source_acc: 97.5995, target_acc: 38.4254, best_acc: 84.9589
11:27:17 | INFO     train.training_opta train    373 Epoch 850/1500 | pool_size: 256, agree_rate: 1.0000, M_t_offdiag_max: 0.9724
11:28:00 | INFO     train.training_opta train    359 Epoch 900/1500 | src_ce: 0.0248, dann: 0.7052, tgt_ce: 0.0106, tri: 0.0407, xconf: 1.5213, source_acc: 89.3990, target_acc: 41.3631, best_acc: 84.9589
11:28:00 | INFO     train.training_opta train    373 Epoch 900/1500 | pool_size: 256, agree_rate: 1.0000, M_t_offdiag_max: 0.9617
11:28:43 | INFO     train.training_opta train    359 Epoch 950/1500 | src_ce: 0.0374, dann: 0.6902, tgt_ce: 0.0355, tri: 0.0945, xconf: 0.3051, source_acc: 98.3801, target_acc: 33.0200, best_acc: 84.9589
11:28:43 | INFO     train.training_opta train    373 Epoch 950/1500 | pool_size: 256, agree_rate: 0.9375, M_t_offdiag_max: 0.9855
11:29:30 | INFO     train.training_opta train    359 Epoch 1000/1500 | src_ce: 0.0234, dann: 0.6856, tgt_ce: 0.0193, tri: 0.0888, xconf: 0.4075, source_acc: 96.5839, target_acc: 46.1810, best_acc: 84.9589
11:29:30 | INFO     train.training_opta train    373 Epoch 1000/1500 | pool_size: 256, agree_rate: 0.8438, M_t_offdiag_max: 0.9955
11:30:14 | INFO     train.training_opta train    359 Epoch 1050/1500 | src_ce: 0.0171, dann: 0.6937, tgt_ce: 0.0034, tri: 0.0225, xconf: 1.0032, source_acc: 95.9795, target_acc: 31.9624, best_acc: 84.9589
11:30:14 | INFO     train.training_opta train    373 Epoch 1050/1500 | pool_size: 256, agree_rate: 0.9375, M_t_offdiag_max: 0.9549
11:30:57 | INFO     train.training_opta train    359 Epoch 1100/1500 | src_ce: 0.0129, dann: 0.6894, tgt_ce: 0.0247, tri: 0.0479, xconf: 4.4029, source_acc: 88.7779, target_acc: 35.6052, best_acc: 84.9589
11:30:57 | INFO     train.training_opta train    373 Epoch 1100/1500 | pool_size: 256, agree_rate: 1.0000, M_t_offdiag_max: 0.9341
11:31:46 | INFO     train.training_opta train    359 Epoch 1150/1500 | src_ce: 0.0075, dann: 0.6937, tgt_ce: 0.0060, tri: 0.0401, xconf: 0.3698, source_acc: 98.4472, target_acc: 31.1398, best_acc: 84.9589
11:31:46 | INFO     train.training_opta train    373 Epoch 1150/1500 | pool_size: 256, agree_rate: 1.0000, M_t_offdiag_max: 0.8963
11:32:31 | INFO     train.training_opta train    359 Epoch 1200/1500 | src_ce: 0.0077, dann: 0.6934, tgt_ce: 0.0011, tri: 0.0202, xconf: 0.1005, source_acc: 99.1942, target_acc: 34.9001, best_acc: 84.9589
11:32:31 | INFO     train.training_opta train    373 Epoch 1200/1500 | pool_size: 256, agree_rate: 0.9688, M_t_offdiag_max: 0.9212
11:33:15 | INFO     train.training_opta train    359 Epoch 1250/1500 | src_ce: 0.0057, dann: 0.6933, tgt_ce: 0.0000, tri: 0.0098, xconf: 0.0477, source_acc: 99.8657, target_acc: 31.1398, best_acc: 84.9589
11:33:15 | INFO     train.training_opta train    373 Epoch 1250/1500 | pool_size: 256, agree_rate: 1.0000, M_t_offdiag_max: 0.9180
11:34:00 | INFO     train.training_opta train    359 Epoch 1300/1500 | src_ce: 0.0058, dann: 0.6933, tgt_ce: 0.0009, tri: 0.0281, xconf: 0.0875, source_acc: 98.9088, target_acc: 31.1398, best_acc: 84.9589
11:34:00 | INFO     train.training_opta train    373 Epoch 1300/1500 | pool_size: 256, agree_rate: 1.0000, M_t_offdiag_max: 0.9726
11:34:47 | INFO     train.training_opta train    359 Epoch 1350/1500 | src_ce: 0.0065, dann: 0.6959, tgt_ce: 0.0011, tri: 0.0170, xconf: 0.2103, source_acc: 98.9005, target_acc: 39.8355, best_acc: 84.9589
11:34:47 | INFO     train.training_opta train    373 Epoch 1350/1500 | pool_size: 256, agree_rate: 0.9688, M_t_offdiag_max: 0.9582
11:35:33 | INFO     train.training_opta train    359 Epoch 1400/1500 | src_ce: 0.0058, dann: 0.6933, tgt_ce: 0.0007, tri: 0.0299, xconf: 0.4339, source_acc: 97.4064, target_acc: 34.9001, best_acc: 84.9589
11:35:33 | INFO     train.training_opta train    373 Epoch 1400/1500 | pool_size: 256, agree_rate: 1.0000, M_t_offdiag_max: 0.9530
11:36:19 | INFO     train.training_opta train    359 Epoch 1450/1500 | src_ce: 0.0092, dann: 0.6960, tgt_ce: 0.0034, tri: 0.0258, xconf: 0.4847, source_acc: 99.1858, target_acc: 39.8355, best_acc: 84.9589
11:36:19 | INFO     train.training_opta train    373 Epoch 1450/1500 | pool_size: 256, agree_rate: 1.0000, M_t_offdiag_max: 0.9247
11:37:07 | INFO     train.training_opta train    359 Epoch 1500/1500 | src_ce: 0.0088, dann: 0.6925, tgt_ce: 0.0313, tri: 0.0556, xconf: 0.7651, source_acc: 98.9676, target_acc: 39.8355, best_acc: 84.9589
11:37:07 | INFO     train.training_opta train    373 Epoch 1500/1500 | pool_size: 256, agree_rate: 1.0000, M_t_offdiag_max: 0.9847
11:37:07 | INFO     __main__ main     189 
--------------> Finished training w.r.t. subject 2 session 0 acc 0.8496
11:37:08 | INFO     data.utils merge_for_all_subjects 74  Merging data and labels....
11:37:08 | INFO     data.utils merge_for_all_subjects 99  Finish merging! data shape: (11914, 62, 5), label shape: (11914,)
11:37:08 | INFO     data.utils merge_for_one_subject 117 Merging data and labels....
11:37:08 | INFO     data.utils merge_for_one_subject 130 Finish merging! data shape: (851, 62, 5), label shape: (851,)
11:37:08 | INFO     model.saber __init__ 108 Use direct distance as adjeceny matrix for GCN.
11:37:08 | INFO     train.training_opta train    164 len of train data: 11914, len of test data: 851
11:37:09 | INFO     utils.metric update   25  --> A new better acc 0.4078 on subject 3 session 0
11:37:09 | INFO     train.training_opta train    359 Epoch 1/1500 | src_ce: 1.0820, dann: 0.6009, tgt_ce: 0.0721, tri: 0.1524, xconf: 1.2079, source_acc: 57.2016, target_acc: 40.7756, best_acc: 40.7756
11:37:09 | INFO     train.training_opta train    373 Epoch 1/1500 | pool_size: 156, agree_rate: 0.9062, M_t_offdiag_max: 0.9413
11:37:11 | INFO     utils.metric update   25  --> A new better acc 0.5065 on subject 3 session 0
11:37:18 | INFO     utils.metric update   25  --> A new better acc 0.5605 on subject 3 session 0
11:37:27 | INFO     utils.metric update   25  --> A new better acc 0.5828 on subject 3 session 0
11:37:28 | INFO     utils.metric update   25  --> A new better acc 0.6099 on subject 3 session 0
11:37:50 | INFO     train.training_opta train    359 Epoch 50/1500 | src_ce: 0.0133, dann: 0.7344, tgt_ce: 0.0001, tri: 0.0376, xconf: 0.0730, source_acc: 99.1942, target_acc: 56.0517, best_acc: 60.9871
11:37:50 | INFO     train.training_opta train    373 Epoch 50/1500 | pool_size: 256, agree_rate: 1.0000, M_t_offdiag_max: 0.3235
11:37:55 | INFO     utils.metric update   25  --> A new better acc 0.6522 on subject 3 session 0
11:38:33 | INFO     train.training_opta train    359 Epoch 100/1500 | src_ce: 0.0185, dann: 0.7349, tgt_ce: 0.0092, tri: 0.0276, xconf: 0.0667, source_acc: 98.6570, target_acc: 46.6510, best_acc: 65.2174
11:38:33 | INFO     train.training_opta train    373 Epoch 100/1500 | pool_size: 256, agree_rate: 0.9688, M_t_offdiag_max: 0.5291
11:39:18 | INFO     train.training_opta train    359 Epoch 150/1500 | src_ce: 1.2978, dann: 69.0672, tgt_ce: 0.0513, tri: 0.4944, xconf: 1.3863, source_acc: 57.6465, target_acc: 21.1516, best_acc: 65.2174
11:39:18 | INFO     train.training_opta train    373 Epoch 150/1500 | pool_size: 256, agree_rate: 0.2188, M_t_offdiag_max: 1.0000
11:40:00 | INFO     train.training_opta train    359 Epoch 200/1500 | src_ce: 1.3766, dann: 72.2564, tgt_ce: 0.0024, tri: 0.5027, xconf: 1.3863, source_acc: 30.1410, target_acc: 21.3866, best_acc: 65.2174
11:40:00 | INFO     train.training_opta train    373 Epoch 200/1500 | pool_size: 256, agree_rate: 0.0312, M_t_offdiag_max: 1.0000
11:40:46 | INFO     train.training_opta train    359 Epoch 250/1500 | src_ce: 1.3788, dann: 77.2456, tgt_ce: 0.0288, tri: 0.4972, xconf: 1.3863, source_acc: 30.7369, target_acc: 22.6792, best_acc: 65.2174
11:40:46 | INFO     train.training_opta train    373 Epoch 250/1500 | pool_size: 256, agree_rate: 0.0000, M_t_offdiag_max: 1.0000
11:41:28 | INFO     train.training_opta train    359 Epoch 300/1500 | src_ce: 1.3860, dann: 55.6455, tgt_ce: 0.0141, tri: 0.4972, xconf: 1.3863, source_acc: 29.8305, target_acc: 25.4994, best_acc: 65.2174
11:41:28 | INFO     train.training_opta train    373 Epoch 300/1500 | pool_size: 256, agree_rate: 0.0000, M_t_offdiag_max: 1.0000
11:42:12 | INFO     train.training_opta train    359 Epoch 350/1500 | src_ce: 1.3763, dann: 28.2564, tgt_ce: 0.0005, tri: 0.4965, xconf: 1.3863, source_acc: 31.9456, target_acc: 21.2691, best_acc: 65.2174
11:42:12 | INFO     train.training_opta train    373 Epoch 350/1500 | pool_size: 256, agree_rate: 0.0312, M_t_offdiag_max: 1.0000
11:42:55 | INFO     train.training_opta train    359 Epoch 400/1500 | src_ce: 1.3783, dann: 15.1755, tgt_ce: 0.0144, tri: 0.4970, xconf: 1.3863, source_acc: 30.1494, target_acc: 25.4994, best_acc: 65.2174
11:42:55 | INFO     train.training_opta train    373 Epoch 400/1500 | pool_size: 256, agree_rate: 0.9688, M_t_offdiag_max: 1.0000
11:43:37 | INFO     train.training_opta train    359 Epoch 450/1500 | src_ce: 1.3776, dann: 6.3980, tgt_ce: 0.0221, tri: 0.4991, xconf: 1.3863, source_acc: 23.3423, target_acc: 23.0317, best_acc: 65.2174
11:43:37 | INFO     train.training_opta train    373 Epoch 450/1500 | pool_size: 256, agree_rate: 0.0312, M_t_offdiag_max: 1.0000
11:44:23 | INFO     train.training_opta train    359 Epoch 500/1500 | src_ce: 1.3742, dann: 1.7924, tgt_ce: 0.0101, tri: 0.4996, xconf: 1.3863, source_acc: 21.3866, target_acc: 20.9166, best_acc: 65.2174
11:44:23 | INFO     train.training_opta train    373 Epoch 500/1500 | pool_size: 256, agree_rate: 0.0312, M_t_offdiag_max: 1.0000
11:45:09 | INFO     train.training_opta train    359 Epoch 550/1500 | src_ce: 1.2790, dann: 0.6859, tgt_ce: 0.0652, tri: 0.1023, xconf: 1.2965, source_acc: 23.7032, target_acc: 39.8355, best_acc: 65.2174
11:45:09 | INFO     train.training_opta train    373 Epoch 550/1500 | pool_size: 256, agree_rate: 0.0938, M_t_offdiag_max: 0.9910
11:45:51 | INFO     train.training_opta train    359 Epoch 600/1500 | src_ce: 1.0047, dann: 0.6884, tgt_ce: 0.1478, tri: 0.1119, xconf: 1.0832, source_acc: 52.9293, target_acc: 37.2503, best_acc: 65.2174
11:45:51 | INFO     train.training_opta train    373 Epoch 600/1500 | pool_size: 256, agree_rate: 0.9062, M_t_offdiag_max: 0.9767
11:46:34 | INFO     train.training_opta train    359 Epoch 650/1500 | src_ce: 0.7328, dann: 0.6798, tgt_ce: 0.1040, tri: 0.0621, xconf: 0.7544, source_acc: 57.5206, target_acc: 34.5476, best_acc: 65.2174
11:46:34 | INFO     train.training_opta train    373 Epoch 650/1500 | pool_size: 256, agree_rate: 0.8438, M_t_offdiag_max: 0.9247
11:47:17 | INFO     train.training_opta train    359 Epoch 700/1500 | src_ce: 0.3867, dann: 0.6770, tgt_ce: 0.0334, tri: 0.0544, xconf: 0.4790, source_acc: 87.6784, target_acc: 36.4277, best_acc: 65.2174
11:47:17 | INFO     train.training_opta train    373 Epoch 700/1500 | pool_size: 256, agree_rate: 0.9375, M_t_offdiag_max: 0.4850
11:48:00 | INFO     train.training_opta train    359 Epoch 750/1500 | src_ce: 0.2306, dann: 0.6858, tgt_ce: 0.0156, tri: 0.0534, xconf: 0.3176, source_acc: 86.8474, target_acc: 32.4324, best_acc: 65.2174
11:48:00 | INFO     train.training_opta train    373 Epoch 750/1500 | pool_size: 256, agree_rate: 0.9375, M_t_offdiag_max: 0.3537
11:48:43 | INFO     train.training_opta train    359 Epoch 800/1500 | src_ce: 0.1580, dann: 0.7016, tgt_ce: 0.0121, tri: 0.0355, xconf: 0.2295, source_acc: 95.7361, target_acc: 30.4348, best_acc: 65.2174
11:48:43 | INFO     train.training_opta train    373 Epoch 800/1500 | pool_size: 256, agree_rate: 1.0000, M_t_offdiag_max: 0.3300
11:49:26 | INFO     train.training_opta train    359 Epoch 850/1500 | src_ce: 0.0974, dann: 0.6920, tgt_ce: 0.0078, tri: 0.0360, xconf: 0.1110, source_acc: 85.6807, target_acc: 30.3173, best_acc: 65.2174
11:49:26 | INFO     train.training_opta train    373 Epoch 850/1500 | pool_size: 256, agree_rate: 1.0000, M_t_offdiag_max: 0.3138
11:50:12 | INFO     train.training_opta train    359 Epoch 900/1500 | src_ce: 0.6168, dann: 0.6969, tgt_ce: 0.0551, tri: 0.0271, xconf: 0.6643, source_acc: 72.4442, target_acc: 27.9671, best_acc: 65.2174
11:50:12 | INFO     train.training_opta train    373 Epoch 900/1500 | pool_size: 256, agree_rate: 1.0000, M_t_offdiag_max: 0.0152
11:50:54 | INFO     train.training_opta train    359 Epoch 950/1500 | src_ce: 0.0945, dann: 0.6845, tgt_ce: 0.0419, tri: 0.0870, xconf: 0.1696, source_acc: 93.9483, target_acc: 29.1422, best_acc: 65.2174
11:50:54 | INFO     train.training_opta train    373 Epoch 950/1500 | pool_size: 256, agree_rate: 0.9688, M_t_offdiag_max: 0.8611
11:51:38 | INFO     train.training_opta train    359 Epoch 1000/1500 | src_ce: 0.0504, dann: 0.6913, tgt_ce: 0.0056, tri: 0.0183, xconf: 0.1207, source_acc: 98.3549, target_acc: 28.9072, best_acc: 65.2174
11:51:38 | INFO     train.training_opta train    373 Epoch 1000/1500 | pool_size: 256, agree_rate: 1.0000, M_t_offdiag_max: 0.6313
11:52:24 | INFO     train.training_opta train    359 Epoch 1050/1500 | src_ce: 0.0759, dann: 0.6880, tgt_ce: 0.0031, tri: 0.0181, xconf: 0.1975, source_acc: 95.8368, target_acc: 28.9072, best_acc: 65.2174
11:52:24 | INFO     train.training_opta train    373 Epoch 1050/1500 | pool_size: 256, agree_rate: 0.9688, M_t_offdiag_max: 0.5917
11:53:10 | INFO     train.training_opta train    359 Epoch 1100/1500 | src_ce: 0.0759, dann: 0.6945, tgt_ce: 0.0038, tri: 0.0208, xconf: 0.1682, source_acc: 94.5694, target_acc: 28.9072, best_acc: 65.2174
11:53:10 | INFO     train.training_opta train    373 Epoch 1100/1500 | pool_size: 256, agree_rate: 1.0000, M_t_offdiag_max: 0.7429
11:53:56 | INFO     train.training_opta train    359 Epoch 1150/1500 | src_ce: 0.0232, dann: 0.6935, tgt_ce: 0.0022, tri: 0.0127, xconf: 0.0639, source_acc: 97.6666, target_acc: 31.1398, best_acc: 65.2174
11:53:56 | INFO     train.training_opta train    373 Epoch 1150/1500 | pool_size: 256, agree_rate: 1.0000, M_t_offdiag_max: 0.5918
11:54:45 | INFO     train.training_opta train    359 Epoch 1200/1500 | src_ce: 0.0474, dann: 0.6904, tgt_ce: 0.0057, tri: 0.0196, xconf: 0.1217, source_acc: 98.5227, target_acc: 34.7826, best_acc: 65.2174
11:54:45 | INFO     train.training_opta train    373 Epoch 1200/1500 | pool_size: 256, agree_rate: 0.9688, M_t_offdiag_max: 0.5913
11:55:27 | INFO     train.training_opta train    359 Epoch 1250/1500 | src_ce: 0.0330, dann: 0.6928, tgt_ce: 0.0036, tri: 0.0107, xconf: 0.0636, source_acc: 98.5899, target_acc: 29.6122, best_acc: 65.2174
11:55:27 | INFO     train.training_opta train    373 Epoch 1250/1500 | pool_size: 256, agree_rate: 1.0000, M_t_offdiag_max: 0.5268
11:56:16 | INFO     train.training_opta train    359 Epoch 1300/1500 | src_ce: 0.0578, dann: 0.6789, tgt_ce: 0.0091, tri: 0.0190, xconf: 0.2006, source_acc: 97.7254, target_acc: 24.7944, best_acc: 65.2174
11:56:16 | INFO     train.training_opta train    373 Epoch 1300/1500 | pool_size: 256, agree_rate: 1.0000, M_t_offdiag_max: 0.4666
11:57:06 | INFO     train.training_opta train    359 Epoch 1350/1500 | src_ce: 0.4088, dann: 0.6967, tgt_ce: 0.0480, tri: 0.0307, xconf: 0.4907, source_acc: 82.8353, target_acc: 24.7944, best_acc: 65.2174
11:57:06 | INFO     train.training_opta train    373 Epoch 1350/1500 | pool_size: 256, agree_rate: 1.0000, M_t_offdiag_max: 0.0004
11:57:51 | INFO     train.training_opta train    359 Epoch 1400/1500 | src_ce: 0.1965, dann: 0.6940, tgt_ce: 0.0141, tri: 0.0008, xconf: 0.3149, source_acc: 95.5515, target_acc: 24.7944, best_acc: 65.2174
11:57:51 | INFO     train.training_opta train    373 Epoch 1400/1500 | pool_size: 256, agree_rate: 1.0000, M_t_offdiag_max: 0.0158
11:58:36 | INFO     train.training_opta train    359 Epoch 1450/1500 | src_ce: 0.2042, dann: 0.6958, tgt_ce: 0.0168, tri: 0.0015, xconf: 0.3213, source_acc: 88.6772, target_acc: 32.7850, best_acc: 65.2174
11:58:36 | INFO     train.training_opta train    373 Epoch 1450/1500 | pool_size: 256, agree_rate: 1.0000, M_t_offdiag_max: 0.0314
11:59:23 | INFO     train.training_opta train    359 Epoch 1500/1500 | src_ce: 0.1631, dann: 0.6949, tgt_ce: 0.0106, tri: 0.0018, xconf: 0.2644, source_acc: 94.6114, target_acc: 39.2479, best_acc: 65.2174
11:59:23 | INFO     train.training_opta train    373 Epoch 1500/1500 | pool_size: 256, agree_rate: 1.0000, M_t_offdiag_max: 0.0188
11:59:24 | INFO     __main__ main     189 
--------------> Finished training w.r.t. subject 3 session 0 acc 0.6522
11:59:26 | INFO     data.utils merge_for_all_subjects 74  Merging data and labels....
11:59:26 | INFO     data.utils merge_for_all_subjects 99  Finish merging! data shape: (11914, 62, 5), label shape: (11914,)
11:59:26 | INFO     data.utils merge_for_one_subject 117 Merging data and labels....
11:59:26 | INFO     data.utils merge_for_one_subject 130 Finish merging! data shape: (851, 62, 5), label shape: (851,)
11:59:26 | INFO     model.saber __init__ 108 Use direct distance as adjeceny matrix for GCN.
11:59:26 | INFO     train.training_opta train    164 len of train data: 11914, len of test data: 851
11:59:27 | INFO     utils.metric update   25  --> A new better acc 0.2456 on subject 4 session 0
11:59:27 | INFO     train.training_opta train    359 Epoch 1/1500 | src_ce: 1.0510, dann: 0.5852, tgt_ce: 0.0653, tri: 0.2239, xconf: 1.3550, source_acc: 53.0133, target_acc: 24.5593, best_acc: 24.5593
11:59:27 | INFO     train.training_opta train    373 Epoch 1/1500 | pool_size: 156, agree_rate: 0.7188, M_t_offdiag_max: 0.9842
11:59:28 | INFO     utils.metric update   25  --> A new better acc 0.4125 on subject 4 session 0
11:59:28 | INFO     utils.metric update   25  --> A new better acc 0.4642 on subject 4 session 0
11:59:31 | INFO     utils.metric update   25  --> A new better acc 0.5452 on subject 4 session 0
11:59:35 | INFO     utils.metric update   25  --> A new better acc 0.5499 on subject 4 session 0
12:00:08 | INFO     train.training_opta train    359 Epoch 50/1500 | src_ce: 0.0059, dann: 0.7053, tgt_ce: 0.0027, tri: 0.0165, xconf: 0.0079, source_acc: 98.2038, target_acc: 26.0870, best_acc: 54.9941
12:00:08 | INFO     train.training_opta train    373 Epoch 50/1500 | pool_size: 256, agree_rate: 0.8750, M_t_offdiag_max: 0.1637
12:00:51 | INFO     train.training_opta train    359 Epoch 100/1500 | src_ce: 0.0167, dann: 0.7044, tgt_ce: 0.0078, tri: 0.0299, xconf: 0.0344, source_acc: 95.6438, target_acc: 37.4853, best_acc: 54.9941
12:00:51 | INFO     train.training_opta train    373 Epoch 100/1500 | pool_size: 256, agree_rate: 1.0000, M_t_offdiag_max: 0.5721
12:01:32 | INFO     train.training_opta train    359 Epoch 150/1500 | src_ce: 0.8640, dann: 19.4777, tgt_ce: 0.1438, tri: 0.7571, xconf: 1.5481, source_acc: 62.0530, target_acc: 43.8308, best_acc: 54.9941
12:01:32 | INFO     train.training_opta train    373 Epoch 150/1500 | pool_size: 256, agree_rate: 0.5000, M_t_offdiag_max: 0.9999
12:01:39 | INFO     utils.metric update   25  --> A new better acc 0.5523 on subject 4 session 0
12:02:18 | INFO     train.training_opta train    359 Epoch 200/1500 | src_ce: 1.3761, dann: 292.0266, tgt_ce: 0.0294, tri: 0.5041, xconf: 1.3863, source_acc: 30.4348, target_acc: 30.4348, best_acc: 55.2291
12:02:18 | INFO     train.training_opta train    373 Epoch 200/1500 | pool_size: 256, agree_rate: 0.0312, M_t_offdiag_max: 1.0000
12:03:03 | INFO     train.training_opta train    359 Epoch 250/1500 | src_ce: 1.3786, dann: 48.6393, tgt_ce: 0.0506, tri: 0.4990, xconf: 1.3863, source_acc: 25.5078, target_acc: 25.4994, best_acc: 55.2291
12:03:03 | INFO     train.training_opta train    373 Epoch 250/1500 | pool_size: 256, agree_rate: 0.1562, M_t_offdiag_max: 1.0000
12:03:44 | INFO     train.training_opta train    359 Epoch 300/1500 | src_ce: 1.3825, dann: 24.2594, tgt_ce: 0.0211, tri: 0.4994, xconf: 1.3863, source_acc: 22.6792, target_acc: 22.6792, best_acc: 55.2291
12:03:44 | INFO     train.training_opta train    373 Epoch 300/1500 | pool_size: 256, agree_rate: 0.0625, M_t_offdiag_max: 1.0000
12:04:26 | INFO     train.training_opta train    359 Epoch 350/1500 | src_ce: 1.3774, dann: 25.6748, tgt_ce: 0.0445, tri: 0.4969, xconf: 1.3863, source_acc: 19.3470, target_acc: 31.8449, best_acc: 55.2291
12:04:26 | INFO     train.training_opta train    373 Epoch 350/1500 | pool_size: 256, agree_rate: 0.0312, M_t_offdiag_max: 1.0000
12:05:09 | INFO     train.training_opta train    359 Epoch 400/1500 | src_ce: 1.3801, dann: 19.5462, tgt_ce: 0.0512, tri: 0.4997, xconf: 1.3863, source_acc: 26.3639, target_acc: 24.2068, best_acc: 55.2291
12:05:09 | INFO     train.training_opta train    373 Epoch 400/1500 | pool_size: 256, agree_rate: 0.3438, M_t_offdiag_max: 1.0000
12:05:51 | INFO     train.training_opta train    359 Epoch 450/1500 | src_ce: 1.3739, dann: 2.6175, tgt_ce: 0.0279, tri: 0.4996, xconf: 1.3863, source_acc: 25.7009, target_acc: 25.9694, best_acc: 55.2291
12:05:51 | INFO     train.training_opta train    373 Epoch 450/1500 | pool_size: 256, agree_rate: 0.1562, M_t_offdiag_max: 1.0000
12:06:33 | INFO     train.training_opta train    359 Epoch 500/1500 | src_ce: 1.3743, dann: 1.3104, tgt_ce: 0.0118, tri: 0.4995, xconf: 1.3863, source_acc: 25.4994, target_acc: 25.4994, best_acc: 55.2291
12:06:33 | INFO     train.training_opta train    373 Epoch 500/1500 | pool_size: 256, agree_rate: 0.0000, M_t_offdiag_max: 1.0000
12:07:17 | INFO     train.training_opta train    359 Epoch 550/1500 | src_ce: 1.1576, dann: 0.6908, tgt_ce: 0.0877, tri: 0.1192, xconf: 1.2126, source_acc: 45.9711, target_acc: 23.6193, best_acc: 55.2291
12:07:17 | INFO     train.training_opta train    373 Epoch 550/1500 | pool_size: 256, agree_rate: 0.3438, M_t_offdiag_max: 0.9992
12:08:01 | INFO     train.training_opta train    359 Epoch 600/1500 | src_ce: 0.9722, dann: 0.6683, tgt_ce: 0.1388, tri: 0.1543, xconf: 1.1274, source_acc: 54.5325, target_acc: 23.6193, best_acc: 55.2291
12:08:01 | INFO     train.training_opta train    373 Epoch 600/1500 | pool_size: 256, agree_rate: 0.4062, M_t_offdiag_max: 0.9977
12:08:45 | INFO     train.training_opta train    359 Epoch 650/1500 | src_ce: 0.6222, dann: 0.6599, tgt_ce: 0.1249, tri: 0.0814, xconf: 0.8407, source_acc: 70.7655, target_acc: 33.3725, best_acc: 55.2291
12:08:45 | INFO     train.training_opta train    373 Epoch 650/1500 | pool_size: 256, agree_rate: 0.5312, M_t_offdiag_max: 0.8402
12:09:03 | INFO     utils.metric update   25  --> A new better acc 0.5911 on subject 4 session 0
12:09:27 | INFO     train.training_opta train    359 Epoch 700/1500 | src_ce: 1.6496, dann: 0.9638, tgt_ce: 0.0875, tri: 0.3946, xconf: 1.3612, source_acc: 62.7917, target_acc: 26.0870, best_acc: 59.1069
12:09:27 | INFO     train.training_opta train    373 Epoch 700/1500 | pool_size: 256, agree_rate: 0.5000, M_t_offdiag_max: 0.9999
12:10:09 | INFO     train.training_opta train    359 Epoch 750/1500 | src_ce: 0.2808, dann: 0.6355, tgt_ce: 0.0126, tri: 0.0549, xconf: 0.4445, source_acc: 83.8425, target_acc: 43.7133, best_acc: 59.1069
12:10:09 | INFO     train.training_opta train    373 Epoch 750/1500 | pool_size: 256, agree_rate: 0.9688, M_t_offdiag_max: 0.3347
12:10:54 | INFO     train.training_opta train    359 Epoch 800/1500 | src_ce: 0.9964, dann: 0.7213, tgt_ce: 0.0895, tri: 0.2244, xconf: 1.2827, source_acc: 58.0913, target_acc: 37.0153, best_acc: 59.1069
12:10:54 | INFO     train.training_opta train    373 Epoch 800/1500 | pool_size: 256, agree_rate: 0.7188, M_t_offdiag_max: 0.3381
12:11:36 | INFO     train.training_opta train    359 Epoch 850/1500 | src_ce: 0.1494, dann: 0.7263, tgt_ce: 0.0850, tri: 0.0654, xconf: 0.4276, source_acc: 92.5214, target_acc: 35.3702, best_acc: 59.1069
12:11:36 | INFO     train.training_opta train    373 Epoch 850/1500 | pool_size: 256, agree_rate: 0.8750, M_t_offdiag_max: 0.9025
12:12:18 | INFO     train.training_opta train    359 Epoch 900/1500 | src_ce: 0.0717, dann: 0.6762, tgt_ce: 0.0078, tri: 0.0274, xconf: 0.3655, source_acc: 89.9362, target_acc: 35.1351, best_acc: 59.1069
12:12:18 | INFO     train.training_opta train    373 Epoch 900/1500 | pool_size: 256, agree_rate: 0.9375, M_t_offdiag_max: 0.4777
12:13:01 | INFO     train.training_opta train    359 Epoch 950/1500 | src_ce: 0.0412, dann: 0.6861, tgt_ce: 0.1012, tri: 0.0674, xconf: 0.4737, source_acc: 80.7621, target_acc: 41.0106, best_acc: 59.1069
12:13:01 | INFO     train.training_opta train    373 Epoch 950/1500 | pool_size: 256, agree_rate: 0.8438, M_t_offdiag_max: 0.9987
12:13:46 | INFO     train.training_opta train    359 Epoch 1000/1500 | src_ce: 0.0461, dann: 0.6899, tgt_ce: 0.0222, tri: 0.0215, xconf: 0.5014, source_acc: 95.0478, target_acc: 50.9988, best_acc: 59.1069
12:13:46 | INFO     train.training_opta train    373 Epoch 1000/1500 | pool_size: 256, agree_rate: 0.9375, M_t_offdiag_max: 0.8735
12:14:31 | INFO     train.training_opta train    359 Epoch 1050/1500 | src_ce: 0.0755, dann: 0.6410, tgt_ce: 0.0332, tri: 0.1313, xconf: 0.5702, source_acc: 90.3727, target_acc: 49.2362, best_acc: 59.1069
12:14:31 | INFO     train.training_opta train    373 Epoch 1050/1500 | pool_size: 256, agree_rate: 1.0000, M_t_offdiag_max: 0.7075
12:15:17 | INFO     train.training_opta train    359 Epoch 1100/1500 | src_ce: 0.0226, dann: 0.6986, tgt_ce: 0.0016, tri: 0.0206, xconf: 0.6921, source_acc: 90.7000, target_acc: 39.7180, best_acc: 59.1069
12:15:17 | INFO     train.training_opta train    373 Epoch 1100/1500 | pool_size: 256, agree_rate: 1.0000, M_t_offdiag_max: 0.4701
12:16:03 | INFO     train.training_opta train    359 Epoch 1150/1500 | src_ce: 0.0370, dann: 0.6855, tgt_ce: 0.0049, tri: 0.0211, xconf: 0.4110, source_acc: 75.2644, target_acc: 30.1998, best_acc: 59.1069
12:16:03 | INFO     train.training_opta train    373 Epoch 1150/1500 | pool_size: 256, agree_rate: 0.9688, M_t_offdiag_max: 0.6052
12:16:49 | INFO     train.training_opta train    359 Epoch 1200/1500 | src_ce: 0.0599, dann: 0.6800, tgt_ce: 0.0027, tri: 0.0211, xconf: 0.5228, source_acc: 94.9303, target_acc: 49.9412, best_acc: 59.1069
12:16:49 | INFO     train.training_opta train    373 Epoch 1200/1500 | pool_size: 256, agree_rate: 0.9688, M_t_offdiag_max: 0.3632
12:17:35 | INFO     train.training_opta train    359 Epoch 1250/1500 | src_ce: 0.0428, dann: 0.7033, tgt_ce: 0.0025, tri: 0.0162, xconf: 0.5365, source_acc: 94.2672, target_acc: 34.0776, best_acc: 59.1069
12:17:35 | INFO     train.training_opta train    373 Epoch 1250/1500 | pool_size: 256, agree_rate: 1.0000, M_t_offdiag_max: 0.3810
12:18:24 | INFO     train.training_opta train    359 Epoch 1300/1500 | src_ce: 0.0898, dann: 0.6819, tgt_ce: 0.0038, tri: 0.0162, xconf: 0.8459, source_acc: 94.5862, target_acc: 33.1375, best_acc: 59.1069
12:18:24 | INFO     train.training_opta train    373 Epoch 1300/1500 | pool_size: 256, agree_rate: 0.9688, M_t_offdiag_max: 0.1009
12:19:10 | INFO     train.training_opta train    359 Epoch 1350/1500 | src_ce: 0.0829, dann: 0.6944, tgt_ce: 0.0040, tri: 0.0047, xconf: 0.5106, source_acc: 91.7324, target_acc: 31.8449, best_acc: 59.1069
12:19:10 | INFO     train.training_opta train    373 Epoch 1350/1500 | pool_size: 256, agree_rate: 1.0000, M_t_offdiag_max: 0.0896
12:19:54 | INFO     train.training_opta train    359 Epoch 1400/1500 | src_ce: 0.6230, dann: 0.6923, tgt_ce: 0.0765, tri: 0.0287, xconf: 0.7266, source_acc: 62.7161, target_acc: 30.0823, best_acc: 59.1069
12:19:54 | INFO     train.training_opta train    373 Epoch 1400/1500 | pool_size: 256, agree_rate: 1.0000, M_t_offdiag_max: 0.0000
12:20:42 | INFO     train.training_opta train    359 Epoch 1450/1500 | src_ce: 0.4847, dann: 0.6854, tgt_ce: 0.0714, tri: 0.0274, xconf: 0.5502, source_acc: 55.6236, target_acc: 15.0411, best_acc: 59.1069
12:20:42 | INFO     train.training_opta train    373 Epoch 1450/1500 | pool_size: 256, agree_rate: 1.0000, M_t_offdiag_max: 0.0190
12:21:28 | INFO     train.training_opta train    359 Epoch 1500/1500 | src_ce: 0.2335, dann: 0.6962, tgt_ce: 0.0180, tri: 0.0055, xconf: 0.4181, source_acc: 79.3436, target_acc: 31.8449, best_acc: 59.1069
12:21:28 | INFO     train.training_opta train    373 Epoch 1500/1500 | pool_size: 256, agree_rate: 1.0000, M_t_offdiag_max: 0.2019
12:21:28 | INFO     __main__ main     189 
--------------> Finished training w.r.t. subject 4 session 0 acc 0.5911
12:21:29 | INFO     data.utils merge_for_all_subjects 74  Merging data and labels....
12:21:29 | INFO     data.utils merge_for_all_subjects 99  Finish merging! data shape: (11914, 62, 5), label shape: (11914,)
12:21:29 | INFO     data.utils merge_for_one_subject 117 Merging data and labels....
12:21:29 | INFO     data.utils merge_for_one_subject 130 Finish merging! data shape: (851, 62, 5), label shape: (851,)
12:21:29 | INFO     model.saber __init__ 108 Use direct distance as adjeceny matrix for GCN.
12:21:29 | INFO     train.training_opta train    164 len of train data: 11914, len of test data: 851
12:21:30 | INFO     utils.metric update   25  --> A new better acc 0.1375 on subject 5 session 0
12:21:30 | INFO     train.training_opta train    359 Epoch 1/1500 | src_ce: 1.0226, dann: 0.6674, tgt_ce: 0.0975, tri: 0.1337, xconf: 1.0952, source_acc: 65.8721, target_acc: 13.7485, best_acc: 13.7485
12:21:30 | INFO     train.training_opta train    373 Epoch 1/1500 | pool_size: 156, agree_rate: 0.9062, M_t_offdiag_max: 0.9096
12:21:31 | INFO     utils.metric update   25  --> A new better acc 0.2585 on subject 5 session 0
12:21:33 | INFO     utils.metric update   25  --> A new better acc 0.2797 on subject 5 session 0
12:21:34 | INFO     utils.metric update   25  --> A new better acc 0.2855 on subject 5 session 0
12:21:38 | INFO     utils.metric update   25  --> A new better acc 0.3843 on subject 5 session 0
12:21:42 | INFO     utils.metric update   25  --> A new better acc 0.3854 on subject 5 session 0
12:21:44 | INFO     utils.metric update   25  --> A new better acc 0.4501 on subject 5 session 0
12:22:12 | INFO     train.training_opta train    359 Epoch 50/1500 | src_ce: 0.0226, dann: 0.7038, tgt_ce: 0.0045, tri: 0.0144, xconf: 0.0359, source_acc: 99.3705, target_acc: 28.4371, best_acc: 45.0059
12:22:12 | INFO     train.training_opta train    373 Epoch 50/1500 | pool_size: 256, agree_rate: 0.9375, M_t_offdiag_max: 0.1436
12:22:56 | INFO     train.training_opta train    359 Epoch 100/1500 | src_ce: 0.0101, dann: 0.7334, tgt_ce: 0.0016, tri: 0.0323, xconf: 0.0176, source_acc: 99.8909, target_acc: 24.9119, best_acc: 45.0059
12:22:56 | INFO     train.training_opta train    373 Epoch 100/1500 | pool_size: 256, agree_rate: 1.0000, M_t_offdiag_max: 0.4139
12:23:42 | INFO     train.training_opta train    359 Epoch 150/1500 | src_ce: 0.8878, dann: 21.0871, tgt_ce: 0.1551, tri: 0.5310, xconf: 1.3517, source_acc: 71.8734, target_acc: 27.9671, best_acc: 45.0059
12:23:42 | INFO     train.training_opta train    373 Epoch 150/1500 | pool_size: 256, agree_rate: 0.5312, M_t_offdiag_max: 1.0000
12:24:23 | INFO     train.training_opta train    359 Epoch 200/1500 | src_ce: 1.3576, dann: 33.1967, tgt_ce: 0.0495, tri: 0.4948, xconf: 1.3863, source_acc: 26.1961, target_acc: 14.1011, best_acc: 45.0059
12:24:23 | INFO     train.training_opta train    373 Epoch 200/1500 | pool_size: 256, agree_rate: 0.1250, M_t_offdiag_max: 1.0000
12:24:36 | INFO     utils.metric update   25  --> A new better acc 0.4971 on subject 5 session 0
12:24:45 | INFO     utils.metric update   25  --> A new better acc 0.5159 on subject 5 session 0
12:25:07 | INFO     train.training_opta train    359 Epoch 250/1500 | src_ce: 1.3728, dann: 1.6897, tgt_ce: 0.0178, tri: 0.4919, xconf: 1.3863, source_acc: 31.0811, target_acc: 12.2209, best_acc: 51.5864
12:25:07 | INFO     train.training_opta train    373 Epoch 250/1500 | pool_size: 256, agree_rate: 0.0312, M_t_offdiag_max: 1.0000
12:25:52 | INFO     train.training_opta train    359 Epoch 300/1500 | src_ce: 0.1499, dann: 0.6897, tgt_ce: 0.0471, tri: 0.0326, xconf: 0.2354, source_acc: 94.2589, target_acc: 30.0823, best_acc: 51.5864
12:25:52 | INFO     train.training_opta train    373 Epoch 300/1500 | pool_size: 256, agree_rate: 1.0000, M_t_offdiag_max: 0.6606
12:26:35 | INFO     train.training_opta train    359 Epoch 350/1500 | src_ce: 0.0315, dann: 0.6923, tgt_ce: 0.0034, tri: 0.0251, xconf: 0.0451, source_acc: 98.9676, target_acc: 18.6839, best_acc: 51.5864
12:26:35 | INFO     train.training_opta train    373 Epoch 350/1500 | pool_size: 256, agree_rate: 1.0000, M_t_offdiag_max: 0.5623
12:27:18 | INFO     train.training_opta train    359 Epoch 400/1500 | src_ce: 0.0235, dann: 0.6947, tgt_ce: 0.0502, tri: 0.0456, xconf: 0.1630, source_acc: 98.1366, target_acc: 20.0940, best_acc: 51.5864
12:27:18 | INFO     train.training_opta train    373 Epoch 400/1500 | pool_size: 256, agree_rate: 1.0000, M_t_offdiag_max: 0.9956
12:28:00 | INFO     train.training_opta train    359 Epoch 450/1500 | src_ce: 0.0138, dann: 0.6952, tgt_ce: 0.0106, tri: 0.0610, xconf: 0.1128, source_acc: 97.4736, target_acc: 20.0940, best_acc: 51.5864
12:28:00 | INFO     train.training_opta train    373 Epoch 450/1500 | pool_size: 256, agree_rate: 1.0000, M_t_offdiag_max: 0.9633
12:28:42 | INFO     train.training_opta train    359 Epoch 500/1500 | src_ce: 0.0685, dann: 0.6875, tgt_ce: 0.0598, tri: 0.0527, xconf: 0.4916, source_acc: 98.4724, target_acc: 24.7944, best_acc: 51.5864
12:28:42 | INFO     train.training_opta train    373 Epoch 500/1500 | pool_size: 256, agree_rate: 1.0000, M_t_offdiag_max: 0.9704
12:29:27 | INFO     train.training_opta train    359 Epoch 550/1500 | src_ce: 0.0092, dann: 0.6933, tgt_ce: 0.0120, tri: 0.0977, xconf: 0.2109, source_acc: 94.0658, target_acc: 18.6839, best_acc: 51.5864
12:29:27 | INFO     train.training_opta train    373 Epoch 550/1500 | pool_size: 256, agree_rate: 1.0000, M_t_offdiag_max: 0.9906
12:30:10 | INFO     train.training_opta train    359 Epoch 600/1500 | src_ce: 0.0101, dann: 0.6936, tgt_ce: 0.0020, tri: 0.0879, xconf: 0.0921, source_acc: 98.9928, target_acc: 25.8519, best_acc: 51.5864
12:30:10 | INFO     train.training_opta train    373 Epoch 600/1500 | pool_size: 256, agree_rate: 1.0000, M_t_offdiag_max: 0.9889
12:30:52 | INFO     train.training_opta train    359 Epoch 650/1500 | src_ce: 0.0065, dann: 0.6929, tgt_ce: 0.0001, tri: 0.0438, xconf: 0.0702, source_acc: 99.3453, target_acc: 20.0940, best_acc: 51.5864
12:30:52 | INFO     train.training_opta train    373 Epoch 650/1500 | pool_size: 256, agree_rate: 1.0000, M_t_offdiag_max: 0.9841
12:31:40 | INFO     train.training_opta train    359 Epoch 700/1500 | src_ce: 0.0138, dann: 0.6930, tgt_ce: 0.0038, tri: 0.0822, xconf: 0.1682, source_acc: 98.0527, target_acc: 16.8038, best_acc: 51.5864
12:31:40 | INFO     train.training_opta train    373 Epoch 700/1500 | pool_size: 256, agree_rate: 0.9688, M_t_offdiag_max: 0.9656
12:32:22 | INFO     train.training_opta train    359 Epoch 750/1500 | src_ce: 0.0086, dann: 0.6931, tgt_ce: 0.0000, tri: 0.0614, xconf: 0.0166, source_acc: 99.8153, target_acc: 20.0940, best_acc: 51.5864
12:32:22 | INFO     train.training_opta train    373 Epoch 750/1500 | pool_size: 256, agree_rate: 1.0000, M_t_offdiag_max: 0.9777
12:33:04 | INFO     train.training_opta train    359 Epoch 800/1500 | src_ce: 0.0196, dann: 0.6931, tgt_ce: 0.0008, tri: 0.0125, xconf: 0.1289, source_acc: 97.2973, target_acc: 20.0940, best_acc: 51.5864
12:33:04 | INFO     train.training_opta train    373 Epoch 800/1500 | pool_size: 256, agree_rate: 1.0000, M_t_offdiag_max: 0.9141
12:33:48 | INFO     train.training_opta train    359 Epoch 850/1500 | src_ce: 0.0060, dann: 0.6929, tgt_ce: 0.0019, tri: 0.0783, xconf: 0.1594, source_acc: 99.8741, target_acc: 16.8038, best_acc: 51.5864
12:33:48 | INFO     train.training_opta train    373 Epoch 850/1500 | pool_size: 256, agree_rate: 1.0000, M_t_offdiag_max: 0.9808
12:34:34 | INFO     train.training_opta train    359 Epoch 900/1500 | src_ce: 0.0052, dann: 0.6931, tgt_ce: 0.0000, tri: 0.0256, xconf: 0.0144, source_acc: 100.0000, target_acc: 20.0940, best_acc: 51.5864
12:34:34 | INFO     train.training_opta train    373 Epoch 900/1500 | pool_size: 256, agree_rate: 1.0000, M_t_offdiag_max: 0.9529
12:35:18 | INFO     train.training_opta train    359 Epoch 950/1500 | src_ce: 0.0272, dann: 0.6931, tgt_ce: 0.0000, tri: 0.0383, xconf: 0.0553, source_acc: 100.0000, target_acc: 11.3984, best_acc: 51.5864
12:35:18 | INFO     train.training_opta train    373 Epoch 950/1500 | pool_size: 256, agree_rate: 1.0000, M_t_offdiag_max: 0.9800
12:36:01 | INFO     train.training_opta train    359 Epoch 1000/1500 | src_ce: 0.0059, dann: 0.6930, tgt_ce: 0.0143, tri: 0.0675, xconf: 0.2181, source_acc: 99.3285, target_acc: 20.0940, best_acc: 51.5864
12:36:01 | INFO     train.training_opta train    373 Epoch 1000/1500 | pool_size: 256, agree_rate: 1.0000, M_t_offdiag_max: 0.9786
12:36:47 | INFO     train.training_opta train    359 Epoch 1050/1500 | src_ce: 0.0064, dann: 0.6931, tgt_ce: 0.0074, tri: 0.0301, xconf: 0.0582, source_acc: 99.2362, target_acc: 20.0940, best_acc: 51.5864
12:36:47 | INFO     train.training_opta train    373 Epoch 1050/1500 | pool_size: 256, agree_rate: 1.0000, M_t_offdiag_max: 0.9955
12:37:35 | INFO     train.training_opta train    359 Epoch 1100/1500 | src_ce: 0.0064, dann: 0.6939, tgt_ce: 0.0231, tri: 0.0429, xconf: 0.9210, source_acc: 87.9050, target_acc: 29.1422, best_acc: 51.5864
12:37:35 | INFO     train.training_opta train    373 Epoch 1100/1500 | pool_size: 256, agree_rate: 1.0000, M_t_offdiag_max: 0.9303
12:38:22 | INFO     train.training_opta train    359 Epoch 1150/1500 | src_ce: 0.0097, dann: 0.6937, tgt_ce: 0.0007, tri: 0.0558, xconf: 0.0887, source_acc: 97.2301, target_acc: 22.6792, best_acc: 51.5864
12:38:22 | INFO     train.training_opta train    373 Epoch 1150/1500 | pool_size: 256, agree_rate: 0.9688, M_t_offdiag_max: 0.9434
12:39:09 | INFO     train.training_opta train    359 Epoch 1200/1500 | src_ce: 0.0099, dann: 0.6932, tgt_ce: 0.0005, tri: 0.0491, xconf: 0.0860, source_acc: 99.8321, target_acc: 26.4395, best_acc: 51.5864
12:39:09 | INFO     train.training_opta train    373 Epoch 1200/1500 | pool_size: 256, agree_rate: 1.0000, M_t_offdiag_max: 0.9822
12:39:54 | INFO     train.training_opta train    359 Epoch 1250/1500 | src_ce: 0.0072, dann: 0.6935, tgt_ce: 0.0223, tri: 0.0259, xconf: 0.2333, source_acc: 99.1690, target_acc: 26.4395, best_acc: 51.5864
12:39:54 | INFO     train.training_opta train    373 Epoch 1250/1500 | pool_size: 256, agree_rate: 1.0000, M_t_offdiag_max: 0.8954
12:40:45 | INFO     train.training_opta train    359 Epoch 1300/1500 | src_ce: 0.0096, dann: 0.6930, tgt_ce: 0.0342, tri: 0.0896, xconf: 1.6807, source_acc: 93.9903, target_acc: 25.8519, best_acc: 51.5864
12:40:45 | INFO     train.training_opta train    373 Epoch 1300/1500 | pool_size: 256, agree_rate: 0.7500, M_t_offdiag_max: 0.9936
12:41:34 | INFO     train.training_opta train    359 Epoch 1350/1500 | src_ce: 0.0146, dann: 0.6905, tgt_ce: 0.0378, tri: 0.0705, xconf: 0.3448, source_acc: 98.7662, target_acc: 26.4395, best_acc: 51.5864
12:41:34 | INFO     train.training_opta train    373 Epoch 1350/1500 | pool_size: 256, agree_rate: 1.0000, M_t_offdiag_max: 0.8937
12:42:21 | INFO     train.training_opta train    359 Epoch 1400/1500 | src_ce: 0.0131, dann: 0.6883, tgt_ce: 0.0434, tri: 0.0685, xconf: 2.2215, source_acc: 88.6436, target_acc: 35.9577, best_acc: 51.5864
12:42:21 | INFO     train.training_opta train    373 Epoch 1400/1500 | pool_size: 256, agree_rate: 0.9375, M_t_offdiag_max: 0.9821
12:43:07 | INFO     train.training_opta train    359 Epoch 1450/1500 | src_ce: 0.0083, dann: 0.6941, tgt_ce: 0.0000, tri: 0.0104, xconf: 0.6390, source_acc: 97.5743, target_acc: 38.5429, best_acc: 51.5864
12:43:07 | INFO     train.training_opta train    373 Epoch 1450/1500 | pool_size: 256, agree_rate: 1.0000, M_t_offdiag_max: 0.7272
12:43:52 | INFO     train.training_opta train    359 Epoch 1500/1500 | src_ce: 0.0073, dann: 0.6920, tgt_ce: 0.0008, tri: 0.0214, xconf: 0.8052, source_acc: 99.0347, target_acc: 32.1974, best_acc: 51.5864
12:43:52 | INFO     train.training_opta train    373 Epoch 1500/1500 | pool_size: 256, agree_rate: 0.9375, M_t_offdiag_max: 0.9446
12:43:52 | INFO     __main__ main     189 
--------------> Finished training w.r.t. subject 5 session 0 acc 0.5159
12:43:54 | INFO     data.utils merge_for_all_subjects 74  Merging data and labels....
12:43:55 | INFO     data.utils merge_for_all_subjects 99  Finish merging! data shape: (11914, 62, 5), label shape: (11914,)
12:43:55 | INFO     data.utils merge_for_one_subject 117 Merging data and labels....
12:43:55 | INFO     data.utils merge_for_one_subject 130 Finish merging! data shape: (851, 62, 5), label shape: (851,)
12:43:55 | INFO     model.saber __init__ 108 Use direct distance as adjeceny matrix for GCN.
12:43:55 | INFO     train.training_opta train    164 len of train data: 11914, len of test data: 851
12:43:55 | INFO     utils.metric update   25  --> A new better acc 0.5499 on subject 6 session 0
12:43:56 | INFO     train.training_opta train    359 Epoch 1/1500 | src_ce: 1.0883, dann: 0.6579, tgt_ce: 0.1240, tri: 0.1271, xconf: 1.1200, source_acc: 56.2783, target_acc: 54.9941, best_acc: 54.9941
12:43:56 | INFO     train.training_opta train    373 Epoch 1/1500 | pool_size: 156, agree_rate: 0.9688, M_t_offdiag_max: 0.9139
12:43:56 | INFO     utils.metric update   25  --> A new better acc 0.6063 on subject 6 session 0
12:43:57 | INFO     utils.metric update   25  --> A new better acc 0.6428 on subject 6 session 0
12:44:00 | INFO     utils.metric update   25  --> A new better acc 0.6839 on subject 6 session 0
12:44:05 | INFO     utils.metric update   25  --> A new better acc 0.6968 on subject 6 session 0
12:44:08 | INFO     utils.metric update   25  --> A new better acc 0.7380 on subject 6 session 0
12:44:13 | INFO     utils.metric update   25  --> A new better acc 0.7391 on subject 6 session 0
12:44:15 | INFO     utils.metric update   25  --> A new better acc 0.7403 on subject 6 session 0
12:44:27 | INFO     utils.metric update   25  --> A new better acc 0.7767 on subject 6 session 0
12:44:30 | INFO     utils.metric update   25  --> A new better acc 0.8190 on subject 6 session 0
12:44:30 | INFO     utils.metric update   25  --> A new better acc 0.8261 on subject 6 session 0
12:44:32 | INFO     utils.metric update   25  --> A new better acc 0.8872 on subject 6 session 0
12:44:40 | INFO     train.training_opta train    359 Epoch 50/1500 | src_ce: 0.0062, dann: 0.7069, tgt_ce: 0.0006, tri: 0.0191, xconf: 0.0129, source_acc: 100.0000, target_acc: 83.7838, best_acc: 88.7192
12:44:40 | INFO     train.training_opta train    373 Epoch 50/1500 | pool_size: 256, agree_rate: 1.0000, M_t_offdiag_max: 0.3257
12:45:23 | INFO     train.training_opta train    359 Epoch 100/1500 | src_ce: 0.0062, dann: 0.7093, tgt_ce: 0.0001, tri: 0.0162, xconf: 0.0139, source_acc: 100.0000, target_acc: 75.0881, best_acc: 88.7192
12:45:23 | INFO     train.training_opta train    373 Epoch 100/1500 | pool_size: 256, agree_rate: 1.0000, M_t_offdiag_max: 0.3118
12:46:06 | INFO     train.training_opta train    359 Epoch 150/1500 | src_ce: 0.0112, dann: 0.7130, tgt_ce: 0.0031, tri: 0.0163, xconf: 0.0148, source_acc: 99.7650, target_acc: 74.2656, best_acc: 88.7192
12:46:06 | INFO     train.training_opta train    373 Epoch 150/1500 | pool_size: 256, agree_rate: 1.0000, M_t_offdiag_max: 0.6190
12:46:49 | INFO     train.training_opta train    359 Epoch 200/1500 | src_ce: 0.3827, dann: 3.7203, tgt_ce: 0.2734, tri: 0.4249, xconf: 1.2678, source_acc: 74.6097, target_acc: 66.5100, best_acc: 88.7192
12:46:49 | INFO     train.training_opta train    373 Epoch 200/1500 | pool_size: 256, agree_rate: 0.8438, M_t_offdiag_max: 1.0000
12:47:35 | INFO     train.training_opta train    359 Epoch 250/1500 | src_ce: 1.3441, dann: 16.9407, tgt_ce: 0.0827, tri: 0.4957, xconf: 1.3863, source_acc: 27.4299, target_acc: 25.0294, best_acc: 88.7192
12:47:35 | INFO     train.training_opta train    373 Epoch 250/1500 | pool_size: 256, agree_rate: 0.0000, M_t_offdiag_max: 1.0000
12:48:18 | INFO     train.training_opta train    359 Epoch 300/1500 | src_ce: 1.3884, dann: 7.9927, tgt_ce: 0.0718, tri: 0.4970, xconf: 1.3863, source_acc: 31.7945, target_acc: 30.4348, best_acc: 88.7192
12:48:18 | INFO     train.training_opta train    373 Epoch 300/1500 | pool_size: 256, agree_rate: 0.8750, M_t_offdiag_max: 1.0000
12:49:02 | INFO     train.training_opta train    359 Epoch 350/1500 | src_ce: 0.6944, dann: 0.6877, tgt_ce: 0.1697, tri: 0.1126, xconf: 1.1127, source_acc: 64.5039, target_acc: 62.1622, best_acc: 88.7192
12:49:02 | INFO     train.training_opta train    373 Epoch 350/1500 | pool_size: 256, agree_rate: 0.7188, M_t_offdiag_max: 0.9935
12:49:47 | INFO     train.training_opta train    359 Epoch 400/1500 | src_ce: 0.1451, dann: 0.6891, tgt_ce: 0.0708, tri: 0.0502, xconf: 0.5564, source_acc: 88.1400, target_acc: 78.4959, best_acc: 88.7192
12:49:47 | INFO     train.training_opta train    373 Epoch 400/1500 | pool_size: 256, agree_rate: 1.0000, M_t_offdiag_max: 0.8890
12:50:31 | INFO     train.training_opta train    359 Epoch 450/1500 | src_ce: 0.0712, dann: 0.6939, tgt_ce: 0.0518, tri: 0.0673, xconf: 0.3705, source_acc: 86.6460, target_acc: 68.3901, best_acc: 88.7192
12:50:31 | INFO     train.training_opta train    373 Epoch 450/1500 | pool_size: 256, agree_rate: 0.9375, M_t_offdiag_max: 0.9063
12:51:13 | INFO     train.training_opta train    359 Epoch 500/1500 | src_ce: 0.0372, dann: 0.6894, tgt_ce: 0.0316, tri: 0.0527, xconf: 0.3844, source_acc: 94.0994, target_acc: 59.8120, best_acc: 88.7192
12:51:13 | INFO     train.training_opta train    373 Epoch 500/1500 | pool_size: 256, agree_rate: 1.0000, M_t_offdiag_max: 0.9634
12:51:57 | INFO     train.training_opta train    359 Epoch 550/1500 | src_ce: 0.0130, dann: 0.6960, tgt_ce: 0.0177, tri: 0.1173, xconf: 0.1681, source_acc: 92.5130, target_acc: 57.1093, best_acc: 88.7192
12:51:57 | INFO     train.training_opta train    373 Epoch 550/1500 | pool_size: 256, agree_rate: 0.9688, M_t_offdiag_max: 0.9917
12:52:41 | INFO     train.training_opta train    359 Epoch 600/1500 | src_ce: 0.0127, dann: 0.6942, tgt_ce: 0.0041, tri: 0.1308, xconf: 0.0745, source_acc: 98.6067, target_acc: 61.5746, best_acc: 88.7192
12:52:41 | INFO     train.training_opta train    373 Epoch 600/1500 | pool_size: 256, agree_rate: 1.0000, M_t_offdiag_max: 0.9951
12:53:23 | INFO     train.training_opta train    359 Epoch 650/1500 | src_ce: 0.0122, dann: 0.6930, tgt_ce: 0.0020, tri: 0.0594, xconf: 0.2333, source_acc: 98.4976, target_acc: 58.2844, best_acc: 88.7192
12:53:23 | INFO     train.training_opta train    373 Epoch 650/1500 | pool_size: 256, agree_rate: 1.0000, M_t_offdiag_max: 0.9871
12:54:06 | INFO     train.training_opta train    359 Epoch 700/1500 | src_ce: 0.0062, dann: 0.6932, tgt_ce: 0.0001, tri: 0.0371, xconf: 0.1201, source_acc: 99.6391, target_acc: 58.2844, best_acc: 88.7192
12:54:06 | INFO     train.training_opta train    373 Epoch 700/1500 | pool_size: 256, agree_rate: 1.0000, M_t_offdiag_max: 0.9744
12:54:49 | INFO     train.training_opta train    359 Epoch 750/1500 | src_ce: 0.0116, dann: 0.6931, tgt_ce: 0.0000, tri: 0.0150, xconf: 0.0347, source_acc: 99.6055, target_acc: 57.3443, best_acc: 88.7192
12:54:49 | INFO     train.training_opta train    373 Epoch 750/1500 | pool_size: 256, agree_rate: 1.0000, M_t_offdiag_max: 0.9288
12:55:37 | INFO     train.training_opta train    359 Epoch 800/1500 | src_ce: 0.0309, dann: 0.6651, tgt_ce: 0.0278, tri: 0.0612, xconf: 0.3928, source_acc: 97.9268, target_acc: 56.5217, best_acc: 88.7192
12:55:37 | INFO     train.training_opta train    373 Epoch 800/1500 | pool_size: 256, agree_rate: 1.0000, M_t_offdiag_max: 0.9691
12:56:19 | INFO     train.training_opta train    359 Epoch 850/1500 | src_ce: 0.0113, dann: 0.6933, tgt_ce: 0.0094, tri: 0.0510, xconf: 2.3199, source_acc: 92.6137, target_acc: 55.2291, best_acc: 88.7192
12:56:19 | INFO     train.training_opta train    373 Epoch 850/1500 | pool_size: 256, agree_rate: 1.0000, M_t_offdiag_max: 0.9698
12:57:04 | INFO     train.training_opta train    359 Epoch 900/1500 | src_ce: 0.0171, dann: 0.6924, tgt_ce: 0.0728, tri: 0.1598, xconf: 0.2445, source_acc: 96.4663, target_acc: 70.5053, best_acc: 88.7192
12:57:04 | INFO     train.training_opta train    373 Epoch 900/1500 | pool_size: 256, agree_rate: 1.0000, M_t_offdiag_max: 0.9811
12:57:47 | INFO     train.training_opta train    359 Epoch 950/1500 | src_ce: 0.0088, dann: 0.6938, tgt_ce: 0.0217, tri: 0.1388, xconf: 0.4572, source_acc: 98.2206, target_acc: 55.2291, best_acc: 88.7192
12:57:47 | INFO     train.training_opta train    373 Epoch 950/1500 | pool_size: 256, agree_rate: 0.8750, M_t_offdiag_max: 0.9947
12:58:32 | INFO     train.training_opta train    359 Epoch 1000/1500 | src_ce: 0.0056, dann: 0.6931, tgt_ce: 0.0000, tri: 0.0413, xconf: 0.0386, source_acc: 99.6391, target_acc: 57.4618, best_acc: 88.7192
12:58:32 | INFO     train.training_opta train    373 Epoch 1000/1500 | pool_size: 256, agree_rate: 1.0000, M_t_offdiag_max: 0.9705
12:59:15 | INFO     train.training_opta train    359 Epoch 1050/1500 | src_ce: 0.0074, dann: 0.6912, tgt_ce: 0.0187, tri: 0.0116, xconf: 1.8372, source_acc: 90.1293, target_acc: 48.5311, best_acc: 88.7192
12:59:15 | INFO     train.training_opta train    373 Epoch 1050/1500 | pool_size: 256, agree_rate: 1.0000, M_t_offdiag_max: 0.9360
13:00:00 | INFO     train.training_opta train    359 Epoch 1100/1500 | src_ce: 0.0062, dann: 0.6948, tgt_ce: 0.0000, tri: 0.0277, xconf: 0.3330, source_acc: 99.0180, target_acc: 59.3420, best_acc: 88.7192
13:00:00 | INFO     train.training_opta train    373 Epoch 1100/1500 | pool_size: 256, agree_rate: 1.0000, M_t_offdiag_max: 0.8898
13:00:47 | INFO     train.training_opta train    359 Epoch 1150/1500 | src_ce: 0.0063, dann: 0.6951, tgt_ce: 0.0037, tri: 0.0381, xconf: 0.6804, source_acc: 99.0264, target_acc: 56.0517, best_acc: 88.7192
13:00:47 | INFO     train.training_opta train    373 Epoch 1150/1500 | pool_size: 256, agree_rate: 1.0000, M_t_offdiag_max: 0.9770
13:01:40 | INFO     train.training_opta train    359 Epoch 1200/1500 | src_ce: 0.0056, dann: 0.6938, tgt_ce: 0.0004, tri: 0.0096, xconf: 0.5298, source_acc: 98.5060, target_acc: 52.4089, best_acc: 88.7192
13:01:40 | INFO     train.training_opta train    373 Epoch 1200/1500 | pool_size: 256, agree_rate: 1.0000, M_t_offdiag_max: 0.8542
13:02:24 | INFO     train.training_opta train    359 Epoch 1250/1500 | src_ce: 0.0057, dann: 0.6935, tgt_ce: 0.0000, tri: 0.0068, xconf: 0.1027, source_acc: 99.8153, target_acc: 56.0517, best_acc: 88.7192
13:02:24 | INFO     train.training_opta train    373 Epoch 1250/1500 | pool_size: 256, agree_rate: 1.0000, M_t_offdiag_max: 0.8979
13:03:11 | INFO     train.training_opta train    359 Epoch 1300/1500 | src_ce: 0.0091, dann: 0.6926, tgt_ce: 0.0749, tri: 0.0518, xconf: 0.9908, source_acc: 99.3537, target_acc: 56.0517, best_acc: 88.7192
13:03:11 | INFO     train.training_opta train    373 Epoch 1300/1500 | pool_size: 256, agree_rate: 1.0000, M_t_offdiag_max: 0.9926
13:03:58 | INFO     train.training_opta train    359 Epoch 1350/1500 | src_ce: 0.0059, dann: 0.6928, tgt_ce: 0.0000, tri: 0.0085, xconf: 0.5127, source_acc: 98.2625, target_acc: 58.9894, best_acc: 88.7192
13:03:58 | INFO     train.training_opta train    373 Epoch 1350/1500 | pool_size: 256, agree_rate: 0.9062, M_t_offdiag_max: 0.8465
13:04:43 | INFO     train.training_opta train    359 Epoch 1400/1500 | src_ce: 0.0069, dann: 0.6945, tgt_ce: 0.0043, tri: 0.0197, xconf: 0.4580, source_acc: 99.0935, target_acc: 35.7227, best_acc: 88.7192
13:04:43 | INFO     train.training_opta train    373 Epoch 1400/1500 | pool_size: 256, agree_rate: 0.9688, M_t_offdiag_max: 0.9973
13:05:27 | INFO     train.training_opta train    359 Epoch 1450/1500 | src_ce: 0.0055, dann: 0.6927, tgt_ce: 0.0046, tri: 0.0171, xconf: 0.7418, source_acc: 96.7853, target_acc: 47.0035, best_acc: 88.7192
13:05:27 | INFO     train.training_opta train    373 Epoch 1450/1500 | pool_size: 256, agree_rate: 1.0000, M_t_offdiag_max: 0.9421
13:06:13 | INFO     train.training_opta train    359 Epoch 1500/1500 | src_ce: 0.0066, dann: 0.6933, tgt_ce: 0.0000, tri: 0.0026, xconf: 0.4214, source_acc: 98.8249, target_acc: 42.0682, best_acc: 88.7192
13:06:13 | INFO     train.training_opta train    373 Epoch 1500/1500 | pool_size: 256, agree_rate: 1.0000, M_t_offdiag_max: 0.7843
13:06:13 | INFO     __main__ main     189 
--------------> Finished training w.r.t. subject 6 session 0 acc 0.8872
13:06:14 | INFO     data.utils merge_for_all_subjects 74  Merging data and labels....
13:06:14 | INFO     data.utils merge_for_all_subjects 99  Finish merging! data shape: (11914, 62, 5), label shape: (11914,)
13:06:14 | INFO     data.utils merge_for_one_subject 117 Merging data and labels....
13:06:14 | INFO     data.utils merge_for_one_subject 130 Finish merging! data shape: (851, 62, 5), label shape: (851,)
13:06:14 | INFO     model.saber __init__ 108 Use direct distance as adjeceny matrix for GCN.
13:06:14 | INFO     train.training_opta train    164 len of train data: 11914, len of test data: 851
13:06:15 | INFO     utils.metric update   25  --> A new better acc 0.5170 on subject 7 session 0
13:06:16 | INFO     train.training_opta train    359 Epoch 1/1500 | src_ce: 1.0737, dann: 0.6394, tgt_ce: 0.0770, tri: 0.1769, xconf: 1.1650, source_acc: 52.3166, target_acc: 51.7039, best_acc: 51.7039
13:06:16 | INFO     train.training_opta train    373 Epoch 1/1500 | pool_size: 156, agree_rate: 0.6250, M_t_offdiag_max: 0.8545
13:06:17 | INFO     utils.metric update   25  --> A new better acc 0.5499 on subject 7 session 0
13:06:20 | INFO     utils.metric update   25  --> A new better acc 0.5946 on subject 7 session 0
13:06:55 | INFO     train.training_opta train    359 Epoch 50/1500 | src_ce: 0.0250, dann: 0.6998, tgt_ce: 0.0023, tri: 0.0117, xconf: 0.0489, source_acc: 99.3957, target_acc: 44.1833, best_acc: 59.4595
13:06:55 | INFO     train.training_opta train    373 Epoch 50/1500 | pool_size: 256, agree_rate: 1.0000, M_t_offdiag_max: 0.1611
13:07:34 | INFO     train.training_opta train    359 Epoch 100/1500 | src_ce: 0.0081, dann: 0.7368, tgt_ce: 0.0062, tri: 0.0342, xconf: 0.0250, source_acc: 99.6559, target_acc: 44.1833, best_acc: 59.4595
13:07:34 | INFO     train.training_opta train    373 Epoch 100/1500 | pool_size: 256, agree_rate: 1.0000, M_t_offdiag_max: 0.7379
13:07:53 | INFO     utils.metric update   25  --> A new better acc 0.6157 on subject 7 session 0
13:08:17 | INFO     train.training_opta train    359 Epoch 150/1500 | src_ce: 1.3268, dann: 85.5105, tgt_ce: 0.0496, tri: 0.4979, xconf: 1.3863, source_acc: 39.6760, target_acc: 47.0035, best_acc: 61.5746
13:08:17 | INFO     train.training_opta train    373 Epoch 150/1500 | pool_size: 256, agree_rate: 0.5625, M_t_offdiag_max: 1.0000
13:09:02 | INFO     train.training_opta train    359 Epoch 200/1500 | src_ce: 1.3806, dann: 44.6901, tgt_ce: 0.0328, tri: 0.5005, xconf: 1.3863, source_acc: 29.1086, target_acc: 26.7920, best_acc: 61.5746
13:09:02 | INFO     train.training_opta train    373 Epoch 200/1500 | pool_size: 256, agree_rate: 0.0625, M_t_offdiag_max: 1.0000
13:09:44 | INFO     train.training_opta train    359 Epoch 250/1500 | src_ce: 1.3769, dann: 17.4037, tgt_ce: 0.0554, tri: 0.4926, xconf: 1.3863, source_acc: 37.1076, target_acc: 30.6698, best_acc: 61.5746
13:09:44 | INFO     train.training_opta train    373 Epoch 250/1500 | pool_size: 256, agree_rate: 0.1562, M_t_offdiag_max: 1.0000
13:10:27 | INFO     train.training_opta train    359 Epoch 300/1500 | src_ce: 1.3827, dann: 5.1757, tgt_ce: 0.0279, tri: 0.4961, xconf: 1.3863, source_acc: 30.3425, target_acc: 24.6769, best_acc: 61.5746
13:10:27 | INFO     train.training_opta train    373 Epoch 300/1500 | pool_size: 256, agree_rate: 0.0625, M_t_offdiag_max: 1.0000
13:11:13 | INFO     train.training_opta train    359 Epoch 350/1500 | src_ce: 1.3315, dann: 0.6916, tgt_ce: 0.0417, tri: 0.1886, xconf: 1.3611, source_acc: 35.4205, target_acc: 35.2526, best_acc: 61.5746
13:11:13 | INFO     train.training_opta train    373 Epoch 350/1500 | pool_size: 256, agree_rate: 0.1250, M_t_offdiag_max: 0.9978
13:11:31 | INFO     utils.metric update   25  --> A new better acc 0.6392 on subject 7 session 0
13:11:33 | INFO     utils.metric update   25  --> A new better acc 0.6439 on subject 7 session 0
13:11:57 | INFO     train.training_opta train    359 Epoch 400/1500 | src_ce: 0.6473, dann: 0.6827, tgt_ce: 0.1289, tri: 0.0888, xconf: 0.7611, source_acc: 71.0341, target_acc: 55.3467, best_acc: 64.3948
13:11:57 | INFO     train.training_opta train    373 Epoch 400/1500 | pool_size: 256, agree_rate: 0.9062, M_t_offdiag_max: 0.9332
13:12:06 | INFO     utils.metric update   25  --> A new better acc 0.6733 on subject 7 session 0
13:12:12 | INFO     utils.metric update   25  --> A new better acc 0.7074 on subject 7 session 0
13:12:22 | INFO     utils.metric update   25  --> A new better acc 0.7109 on subject 7 session 0
13:12:41 | INFO     train.training_opta train    359 Epoch 450/1500 | src_ce: 0.2057, dann: 0.6817, tgt_ce: 0.0230, tri: 0.0358, xconf: 0.2304, source_acc: 95.9208, target_acc: 62.3972, best_acc: 71.0928
13:12:41 | INFO     train.training_opta train    373 Epoch 450/1500 | pool_size: 256, agree_rate: 0.9688, M_t_offdiag_max: 0.2513
13:13:24 | INFO     train.training_opta train    359 Epoch 500/1500 | src_ce: 0.1497, dann: 0.6961, tgt_ce: 0.0079, tri: 0.0443, xconf: 0.1668, source_acc: 92.4459, target_acc: 62.6322, best_acc: 71.0928
13:13:24 | INFO     train.training_opta train    373 Epoch 500/1500 | pool_size: 256, agree_rate: 1.0000, M_t_offdiag_max: 0.1855
13:14:12 | INFO     train.training_opta train    359 Epoch 550/1500 | src_ce: 0.0720, dann: 0.6955, tgt_ce: 0.0032, tri: 0.0136, xconf: 0.1117, source_acc: 93.6629, target_acc: 59.2244, best_acc: 71.0928
13:14:12 | INFO     train.training_opta train    373 Epoch 550/1500 | pool_size: 256, agree_rate: 1.0000, M_t_offdiag_max: 0.1571
13:14:53 | INFO     utils.metric update   25  --> A new better acc 0.7156 on subject 7 session 0
13:14:53 | INFO     train.training_opta train    359 Epoch 600/1500 | src_ce: 0.1197, dann: 0.6943, tgt_ce: 0.0019, tri: 0.0175, xconf: 0.1694, source_acc: 98.7326, target_acc: 71.5629, best_acc: 71.5629
13:14:53 | INFO     train.training_opta train    373 Epoch 600/1500 | pool_size: 256, agree_rate: 1.0000, M_t_offdiag_max: 0.3591
13:15:36 | INFO     train.training_opta train    359 Epoch 650/1500 | src_ce: 0.0650, dann: 0.6884, tgt_ce: 0.0546, tri: 0.0489, xconf: 0.1930, source_acc: 99.2278, target_acc: 63.2197, best_acc: 71.5629
13:15:36 | INFO     train.training_opta train    373 Epoch 650/1500 | pool_size: 256, agree_rate: 0.9688, M_t_offdiag_max: 0.7296
13:16:20 | INFO     train.training_opta train    359 Epoch 700/1500 | src_ce: 0.0515, dann: 0.6926, tgt_ce: 0.0311, tri: 0.0301, xconf: 0.1298, source_acc: 96.0886, target_acc: 67.8026, best_acc: 71.5629
13:16:20 | INFO     train.training_opta train    373 Epoch 700/1500 | pool_size: 256, agree_rate: 1.0000, M_t_offdiag_max: 0.9213
13:16:43 | INFO     utils.metric update   25  --> A new better acc 0.7297 on subject 7 session 0
13:17:01 | INFO     train.training_opta train    359 Epoch 750/1500 | src_ce: 0.0166, dann: 0.6942, tgt_ce: 0.0690, tri: 0.0882, xconf: 0.1681, source_acc: 100.0000, target_acc: 67.8026, best_acc: 72.9730
13:17:01 | INFO     train.training_opta train    373 Epoch 750/1500 | pool_size: 256, agree_rate: 1.0000, M_t_offdiag_max: 0.9969
13:17:45 | INFO     train.training_opta train    359 Epoch 800/1500 | src_ce: 0.0400, dann: 0.6896, tgt_ce: 0.0052, tri: 0.0813, xconf: 0.1585, source_acc: 94.2505, target_acc: 57.3443, best_acc: 72.9730
13:17:45 | INFO     train.training_opta train    373 Epoch 800/1500 | pool_size: 256, agree_rate: 0.9688, M_t_offdiag_max: 0.9842
13:18:27 | INFO     train.training_opta train    359 Epoch 850/1500 | src_ce: 0.0078, dann: 0.6959, tgt_ce: 0.0606, tri: 0.1603, xconf: 0.1991, source_acc: 98.6319, target_acc: 63.1022, best_acc: 72.9730
13:18:27 | INFO     train.training_opta train    373 Epoch 850/1500 | pool_size: 256, agree_rate: 1.0000, M_t_offdiag_max: 0.9983
13:19:11 | INFO     train.training_opta train    359 Epoch 900/1500 | src_ce: 0.0115, dann: 0.6920, tgt_ce: 0.0066, tri: 0.1434, xconf: 0.1194, source_acc: 98.3297, target_acc: 63.1022, best_acc: 72.9730
13:19:11 | INFO     train.training_opta train    373 Epoch 900/1500 | pool_size: 256, agree_rate: 1.0000, M_t_offdiag_max: 0.9964
13:19:53 | INFO     train.training_opta train    359 Epoch 950/1500 | src_ce: 0.0096, dann: 0.6934, tgt_ce: 0.0003, tri: 0.1060, xconf: 0.0235, source_acc: 99.8825, target_acc: 54.7591, best_acc: 72.9730
13:19:53 | INFO     train.training_opta train    373 Epoch 950/1500 | pool_size: 256, agree_rate: 1.0000, M_t_offdiag_max: 0.9832
13:20:36 | INFO     train.training_opta train    359 Epoch 1000/1500 | src_ce: 0.0128, dann: 0.6937, tgt_ce: 0.0057, tri: 0.0847, xconf: 0.1387, source_acc: 100.0000, target_acc: 63.1022, best_acc: 72.9730
13:20:36 | INFO     train.training_opta train    373 Epoch 1000/1500 | pool_size: 256, agree_rate: 1.0000, M_t_offdiag_max: 0.9970
13:21:23 | INFO     train.training_opta train    359 Epoch 1050/1500 | src_ce: 0.0260, dann: 0.6910, tgt_ce: 0.0916, tri: 0.0417, xconf: 1.5358, source_acc: 93.5034, target_acc: 58.1669, best_acc: 72.9730
13:21:23 | INFO     train.training_opta train    373 Epoch 1050/1500 | pool_size: 256, agree_rate: 0.9062, M_t_offdiag_max: 0.9155
13:21:36 | INFO     utils.metric update   25  --> A new better acc 0.7474 on subject 7 session 0
13:22:06 | INFO     train.training_opta train    359 Epoch 1100/1500 | src_ce: 0.0360, dann: 0.6941, tgt_ce: 0.0000, tri: 0.0240, xconf: 0.2373, source_acc: 99.2110, target_acc: 65.6874, best_acc: 74.7356
13:22:06 | INFO     train.training_opta train    373 Epoch 1100/1500 | pool_size: 256, agree_rate: 1.0000, M_t_offdiag_max: 0.9510
13:22:55 | INFO     train.training_opta train    359 Epoch 1150/1500 | src_ce: 0.0597, dann: 0.6921, tgt_ce: 0.0000, tri: 0.0054, xconf: 3.3965, source_acc: 99.4880, target_acc: 52.0564, best_acc: 74.7356
13:22:55 | INFO     train.training_opta train    373 Epoch 1150/1500 | pool_size: 256, agree_rate: 1.0000, M_t_offdiag_max: 0.1070
13:23:40 | INFO     train.training_opta train    359 Epoch 1200/1500 | src_ce: 0.0991, dann: 0.6951, tgt_ce: 0.0023, tri: 0.0014, xconf: 1.7244, source_acc: 92.7396, target_acc: 54.1716, best_acc: 74.7356
13:23:40 | INFO     train.training_opta train    373 Epoch 1200/1500 | pool_size: 256, agree_rate: 1.0000, M_t_offdiag_max: 0.0523
13:24:25 | INFO     train.training_opta train    359 Epoch 1250/1500 | src_ce: 0.1027, dann: 0.6945, tgt_ce: 0.0000, tri: 0.0011, xconf: 4.1456, source_acc: 95.8033, target_acc: 67.2150, best_acc: 74.7356
13:24:25 | INFO     train.training_opta train    373 Epoch 1250/1500 | pool_size: 256, agree_rate: 1.0000, M_t_offdiag_max: 0.0215
13:25:12 | INFO     train.training_opta train    359 Epoch 1300/1500 | src_ce: 0.0892, dann: 0.6932, tgt_ce: 0.0002, tri: 0.0027, xconf: 11.0592, source_acc: 97.6330, target_acc: 65.6874, best_acc: 74.7356
13:25:12 | INFO     train.training_opta train    373 Epoch 1300/1500 | pool_size: 256, agree_rate: 1.0000, M_t_offdiag_max: 0.1122
13:25:58 | INFO     train.training_opta train    359 Epoch 1350/1500 | src_ce: 0.0083, dann: 0.6926, tgt_ce: 0.0054, tri: 0.0315, xconf: 0.2007, source_acc: 99.8069, target_acc: 69.8002, best_acc: 74.7356
13:25:58 | INFO     train.training_opta train    373 Epoch 1350/1500 | pool_size: 256, agree_rate: 1.0000, M_t_offdiag_max: 0.7448
13:26:42 | INFO     train.training_opta train    359 Epoch 1400/1500 | src_ce: 0.0154, dann: 0.6915, tgt_ce: 0.0058, tri: 0.0163, xconf: 0.9781, source_acc: 98.3549, target_acc: 59.6945, best_acc: 74.7356
13:26:42 | INFO     train.training_opta train    373 Epoch 1400/1500 | pool_size: 256, agree_rate: 1.0000, M_t_offdiag_max: 0.9517
13:27:25 | INFO     train.training_opta train    359 Epoch 1450/1500 | src_ce: 0.3226, dann: 0.6931, tgt_ce: 0.0151, tri: 0.0397, xconf: 21.9341, source_acc: 83.1459, target_acc: 62.7497, best_acc: 74.7356
13:27:25 | INFO     train.training_opta train    373 Epoch 1450/1500 | pool_size: 256, agree_rate: 1.0000, M_t_offdiag_max: 0.0298
13:28:14 | INFO     train.training_opta train    359 Epoch 1500/1500 | src_ce: 0.1480, dann: 0.6942, tgt_ce: 0.0159, tri: 0.0126, xconf: 2.6176, source_acc: 90.9686, target_acc: 66.2750, best_acc: 74.7356
13:28:14 | INFO     train.training_opta train    373 Epoch 1500/1500 | pool_size: 256, agree_rate: 1.0000, M_t_offdiag_max: 0.0619
13:28:14 | INFO     __main__ main     189 
--------------> Finished training w.r.t. subject 7 session 0 acc 0.7474
13:28:17 | INFO     data.utils merge_for_all_subjects 74  Merging data and labels....
13:28:17 | INFO     data.utils merge_for_all_subjects 99  Finish merging! data shape: (11914, 62, 5), label shape: (11914,)
13:28:17 | INFO     data.utils merge_for_one_subject 117 Merging data and labels....
13:28:17 | INFO     data.utils merge_for_one_subject 130 Finish merging! data shape: (851, 62, 5), label shape: (851,)
13:28:17 | INFO     model.saber __init__ 108 Use direct distance as adjeceny matrix for GCN.
13:28:17 | INFO     train.training_opta train    164 len of train data: 11914, len of test data: 851
13:28:18 | INFO     utils.metric update   25  --> A new better acc 0.5570 on subject 8 session 0
13:28:18 | INFO     train.training_opta train    359 Epoch 1/1500 | src_ce: 1.1097, dann: 0.6519, tgt_ce: 0.0760, tri: 0.1182, xconf: 1.2109, source_acc: 51.6367, target_acc: 55.6992, best_acc: 55.6992
13:28:18 | INFO     train.training_opta train    373 Epoch 1/1500 | pool_size: 156, agree_rate: 0.5938, M_t_offdiag_max: 0.9102
13:28:19 | INFO     utils.metric update   25  --> A new better acc 0.7462 on subject 8 session 0
13:29:00 | INFO     train.training_opta train    359 Epoch 50/1500 | src_ce: 0.0088, dann: 0.7062, tgt_ce: 0.0042, tri: 0.0176, xconf: 0.0118, source_acc: 99.7314, target_acc: 74.1481, best_acc: 74.6181
13:29:00 | INFO     train.training_opta train    373 Epoch 50/1500 | pool_size: 256, agree_rate: 1.0000, M_t_offdiag_max: 0.4781
13:29:21 | INFO     utils.metric update   25  --> A new better acc 0.7474 on subject 8 session 0
13:29:21 | INFO     utils.metric update   25  --> A new better acc 0.7509 on subject 8 session 0
13:29:44 | INFO     train.training_opta train    359 Epoch 100/1500 | src_ce: 0.0063, dann: 0.7085, tgt_ce: 0.0012, tri: 0.0197, xconf: 0.0136, source_acc: 99.9496, target_acc: 63.3373, best_acc: 75.0881
13:29:44 | INFO     train.training_opta train    373 Epoch 100/1500 | pool_size: 256, agree_rate: 1.0000, M_t_offdiag_max: 0.3869
13:30:23 | INFO     utils.metric update   25  --> A new better acc 0.8002 on subject 8 session 0
13:30:29 | INFO     train.training_opta train    359 Epoch 150/1500 | src_ce: 0.1950, dann: 2.0443, tgt_ce: 0.1736, tri: 0.1747, xconf: 1.0564, source_acc: 83.1962, target_acc: 75.3231, best_acc: 80.0235
13:30:29 | INFO     train.training_opta train    373 Epoch 150/1500 | pool_size: 256, agree_rate: 1.0000, M_t_offdiag_max: 0.9853
13:30:31 | INFO     utils.metric update   25  --> A new better acc 0.8167 on subject 8 session 0
13:30:34 | INFO     utils.metric update   25  --> A new better acc 0.8355 on subject 8 session 0
13:30:36 | INFO     utils.metric update   25  --> A new better acc 0.8425 on subject 8 session 0
13:31:12 | INFO     train.training_opta train    359 Epoch 200/1500 | src_ce: 1.3862, dann: 94.5984, tgt_ce: 0.0925, tri: 0.5009, xconf: 1.3821, source_acc: 26.9767, target_acc: 22.5617, best_acc: 84.2538
13:31:12 | INFO     train.training_opta train    373 Epoch 200/1500 | pool_size: 256, agree_rate: 0.0625, M_t_offdiag_max: 1.0000
13:31:55 | INFO     train.training_opta train    359 Epoch 250/1500 | src_ce: 1.3775, dann: 61.1936, tgt_ce: 0.0562, tri: 0.4994, xconf: 1.3863, source_acc: 30.2837, target_acc: 30.4348, best_acc: 84.2538
13:31:55 | INFO     train.training_opta train    373 Epoch 250/1500 | pool_size: 256, agree_rate: 0.4688, M_t_offdiag_max: 1.0000
13:32:38 | INFO     train.training_opta train    359 Epoch 300/1500 | src_ce: 1.4189, dann: 59.2855, tgt_ce: 0.0552, tri: 0.4996, xconf: 1.3863, source_acc: 25.9107, target_acc: 23.1492, best_acc: 84.2538
13:32:38 | INFO     train.training_opta train    373 Epoch 300/1500 | pool_size: 256, agree_rate: 0.2812, M_t_offdiag_max: 1.0000
13:33:21 | INFO     train.training_opta train    359 Epoch 350/1500 | src_ce: 1.3754, dann: 5.4947, tgt_ce: 0.0555, tri: 0.4996, xconf: 1.3863, source_acc: 22.7128, target_acc: 22.6792, best_acc: 84.2538
13:33:21 | INFO     train.training_opta train    373 Epoch 350/1500 | pool_size: 256, agree_rate: 0.0625, M_t_offdiag_max: 1.0000
13:34:05 | INFO     train.training_opta train    359 Epoch 400/1500 | src_ce: 1.3557, dann: 0.6936, tgt_ce: 0.0531, tri: 0.2247, xconf: 1.3724, source_acc: 24.3663, target_acc: 33.7250, best_acc: 84.2538
13:34:05 | INFO     train.training_opta train    373 Epoch 400/1500 | pool_size: 256, agree_rate: 0.0938, M_t_offdiag_max: 0.9949
13:34:48 | INFO     train.training_opta train    359 Epoch 450/1500 | src_ce: 1.0837, dann: 0.6861, tgt_ce: 0.1576, tri: 0.1303, xconf: 1.1358, source_acc: 52.0564, target_acc: 36.4277, best_acc: 84.2538
13:34:48 | INFO     train.training_opta train    373 Epoch 450/1500 | pool_size: 256, agree_rate: 0.8438, M_t_offdiag_max: 0.9992
13:35:32 | INFO     train.training_opta train    359 Epoch 500/1500 | src_ce: 0.7620, dann: 0.6904, tgt_ce: 0.0938, tri: 0.1067, xconf: 0.8260, source_acc: 71.6048, target_acc: 61.9271, best_acc: 84.2538
13:35:32 | INFO     train.training_opta train    373 Epoch 500/1500 | pool_size: 256, agree_rate: 0.9375, M_t_offdiag_max: 0.6394
13:36:14 | INFO     train.training_opta train    359 Epoch 550/1500 | src_ce: 0.6353, dann: 0.6860, tgt_ce: 0.0495, tri: 0.0540, xconf: 0.7918, source_acc: 79.3940, target_acc: 62.6322, best_acc: 84.2538
13:36:14 | INFO     train.training_opta train    373 Epoch 550/1500 | pool_size: 256, agree_rate: 1.0000, M_t_offdiag_max: 0.6501
13:36:59 | INFO     train.training_opta train    359 Epoch 600/1500 | src_ce: 0.4671, dann: 0.6885, tgt_ce: 0.0322, tri: 0.0468, xconf: 0.5861, source_acc: 75.7680, target_acc: 46.2985, best_acc: 84.2538
13:36:59 | INFO     train.training_opta train    373 Epoch 600/1500 | pool_size: 256, agree_rate: 1.0000, M_t_offdiag_max: 0.4527
13:37:42 | INFO     train.training_opta train    359 Epoch 650/1500 | src_ce: 0.3739, dann: 0.6929, tgt_ce: 0.0128, tri: 0.0280, xconf: 0.6262, source_acc: 89.7935, target_acc: 53.5840, best_acc: 84.2538
13:37:42 | INFO     train.training_opta train    373 Epoch 650/1500 | pool_size: 256, agree_rate: 0.9375, M_t_offdiag_max: 0.5721
13:38:28 | INFO     train.training_opta train    359 Epoch 700/1500 | src_ce: 0.3441, dann: 0.6895, tgt_ce: 0.0114, tri: 0.0306, xconf: 0.5856, source_acc: 88.5933, target_acc: 52.0564, best_acc: 84.2538
13:38:28 | INFO     train.training_opta train    373 Epoch 700/1500 | pool_size: 256, agree_rate: 1.0000, M_t_offdiag_max: 0.3897
13:39:13 | INFO     train.training_opta train    359 Epoch 750/1500 | src_ce: 0.2543, dann: 0.6940, tgt_ce: 0.0058, tri: 0.0251, xconf: 0.6295, source_acc: 91.4554, target_acc: 50.9988, best_acc: 84.2538
13:39:13 | INFO     train.training_opta train    373 Epoch 750/1500 | pool_size: 256, agree_rate: 1.0000, M_t_offdiag_max: 0.4307
13:39:56 | INFO     train.training_opta train    359 Epoch 800/1500 | src_ce: 0.2340, dann: 0.6903, tgt_ce: 0.0052, tri: 0.0194, xconf: 0.4968, source_acc: 90.1377, target_acc: 53.3490, best_acc: 84.2538
13:39:56 | INFO     train.training_opta train    373 Epoch 800/1500 | pool_size: 256, agree_rate: 1.0000, M_t_offdiag_max: 0.4099
13:40:43 | INFO     train.training_opta train    359 Epoch 850/1500 | src_ce: 0.1549, dann: 0.6941, tgt_ce: 0.0061, tri: 0.0218, xconf: 0.4641, source_acc: 90.4566, target_acc: 50.9988, best_acc: 84.2538
13:40:43 | INFO     train.training_opta train    373 Epoch 850/1500 | pool_size: 256, agree_rate: 0.9062, M_t_offdiag_max: 0.5135
13:41:27 | INFO     train.training_opta train    359 Epoch 900/1500 | src_ce: 0.1482, dann: 0.6900, tgt_ce: 0.0048, tri: 0.0281, xconf: 0.4627, source_acc: 90.8595, target_acc: 57.2268, best_acc: 84.2538
13:41:27 | INFO     train.training_opta train    373 Epoch 900/1500 | pool_size: 256, agree_rate: 0.9688, M_t_offdiag_max: 0.4608
13:42:11 | INFO     train.training_opta train    359 Epoch 950/1500 | src_ce: 0.2192, dann: 0.6981, tgt_ce: 0.0044, tri: 0.0450, xconf: 0.5621, source_acc: 92.6725, target_acc: 54.5241, best_acc: 84.2538
13:42:11 | INFO     train.training_opta train    373 Epoch 950/1500 | pool_size: 256, agree_rate: 0.9375, M_t_offdiag_max: 0.5617
13:42:55 | INFO     train.training_opta train    359 Epoch 1000/1500 | src_ce: 0.1346, dann: 0.6803, tgt_ce: 0.0100, tri: 0.0746, xconf: 0.4204, source_acc: 91.7156, target_acc: 61.6921, best_acc: 84.2538
13:42:55 | INFO     train.training_opta train    373 Epoch 1000/1500 | pool_size: 256, agree_rate: 0.9688, M_t_offdiag_max: 0.6098
13:43:43 | INFO     train.training_opta train    359 Epoch 1050/1500 | src_ce: 0.1729, dann: 0.6916, tgt_ce: 0.0066, tri: 0.0361, xconf: 0.6753, source_acc: 90.8931, target_acc: 58.1669, best_acc: 84.2538
13:43:43 | INFO     train.training_opta train    373 Epoch 1050/1500 | pool_size: 256, agree_rate: 0.9688, M_t_offdiag_max: 0.3065
13:44:28 | INFO     train.training_opta train    359 Epoch 1100/1500 | src_ce: 0.1156, dann: 0.6901, tgt_ce: 0.0053, tri: 0.0229, xconf: 0.6175, source_acc: 92.3535, target_acc: 58.5194, best_acc: 84.2538
13:44:28 | INFO     train.training_opta train    373 Epoch 1100/1500 | pool_size: 256, agree_rate: 0.9062, M_t_offdiag_max: 0.3207
13:45:14 | INFO     train.training_opta train    359 Epoch 1150/1500 | src_ce: 0.1008, dann: 0.6830, tgt_ce: 0.0048, tri: 0.0167, xconf: 0.5241, source_acc: 92.1101, target_acc: 51.1163, best_acc: 84.2538
13:45:14 | INFO     train.training_opta train    373 Epoch 1150/1500 | pool_size: 256, agree_rate: 0.9375, M_t_offdiag_max: 0.1978
13:46:03 | INFO     train.training_opta train    359 Epoch 1200/1500 | src_ce: 0.0617, dann: 0.6923, tgt_ce: 0.0010, tri: 0.0278, xconf: 0.4163, source_acc: 93.2684, target_acc: 49.3537, best_acc: 84.2538
13:46:03 | INFO     train.training_opta train    373 Epoch 1200/1500 | pool_size: 256, agree_rate: 0.9688, M_t_offdiag_max: 0.1049
13:46:49 | INFO     train.training_opta train    359 Epoch 1250/1500 | src_ce: 0.0596, dann: 0.6929, tgt_ce: 0.0134, tri: 0.0410, xconf: 0.3876, source_acc: 94.1749, target_acc: 46.7685, best_acc: 84.2538
13:46:49 | INFO     train.training_opta train    373 Epoch 1250/1500 | pool_size: 256, agree_rate: 1.0000, M_t_offdiag_max: 0.2421
13:47:33 | INFO     train.training_opta train    359 Epoch 1300/1500 | src_ce: 0.4137, dann: 0.6978, tgt_ce: 0.0451, tri: 0.0794, xconf: 0.5659, source_acc: 82.2730, target_acc: 44.6533, best_acc: 84.2538
13:47:33 | INFO     train.training_opta train    373 Epoch 1300/1500 | pool_size: 256, agree_rate: 1.0000, M_t_offdiag_max: 0.1169
13:48:21 | INFO     train.training_opta train    359 Epoch 1350/1500 | src_ce: 0.4575, dann: 0.6958, tgt_ce: 0.0475, tri: 0.0161, xconf: 0.4993, source_acc: 69.5988, target_acc: 40.7756, best_acc: 84.2538
13:48:21 | INFO     train.training_opta train    373 Epoch 1350/1500 | pool_size: 256, agree_rate: 1.0000, M_t_offdiag_max: 0.0319
13:49:07 | INFO     train.training_opta train    359 Epoch 1400/1500 | src_ce: 0.1415, dann: 0.6901, tgt_ce: 0.0008, tri: 0.0646, xconf: 0.2488, source_acc: 93.6461, target_acc: 61.8096, best_acc: 84.2538
13:49:07 | INFO     train.training_opta train    373 Epoch 1400/1500 | pool_size: 256, agree_rate: 1.0000, M_t_offdiag_max: 0.3619
13:49:55 | INFO     train.training_opta train    359 Epoch 1450/1500 | src_ce: 0.6172, dann: 0.6948, tgt_ce: 0.0569, tri: 0.0351, xconf: 0.6973, source_acc: 63.0687, target_acc: 50.9988, best_acc: 84.2538
13:49:55 | INFO     train.training_opta train    373 Epoch 1450/1500 | pool_size: 256, agree_rate: 1.0000, M_t_offdiag_max: 0.0011
13:50:40 | INFO     train.training_opta train    359 Epoch 1500/1500 | src_ce: 0.0877, dann: 0.7060, tgt_ce: 0.0167, tri: 0.0288, xconf: 0.0909, source_acc: 96.5083, target_acc: 57.9318, best_acc: 84.2538
13:50:40 | INFO     train.training_opta train    373 Epoch 1500/1500 | pool_size: 256, agree_rate: 1.0000, M_t_offdiag_max: 0.4678
13:50:40 | INFO     __main__ main     189 
--------------> Finished training w.r.t. subject 8 session 0 acc 0.8425
13:50:41 | INFO     data.utils merge_for_all_subjects 74  Merging data and labels....
13:50:41 | INFO     data.utils merge_for_all_subjects 99  Finish merging! data shape: (11914, 62, 5), label shape: (11914,)
13:50:41 | INFO     data.utils merge_for_one_subject 117 Merging data and labels....
13:50:41 | INFO     data.utils merge_for_one_subject 130 Finish merging! data shape: (851, 62, 5), label shape: (851,)
13:50:41 | INFO     model.saber __init__ 108 Use direct distance as adjeceny matrix for GCN.
13:50:41 | INFO     train.training_opta train    164 len of train data: 11914, len of test data: 851
13:50:42 | INFO     utils.metric update   25  --> A new better acc 0.5100 on subject 9 session 0
13:50:42 | INFO     train.training_opta train    359 Epoch 1/1500 | src_ce: 1.0985, dann: 0.6755, tgt_ce: 0.0818, tri: 0.1224, xconf: 1.1337, source_acc: 55.7831, target_acc: 50.9988, best_acc: 50.9988
13:50:42 | INFO     train.training_opta train    373 Epoch 1/1500 | pool_size: 156, agree_rate: 0.6875, M_t_offdiag_max: 0.9508
13:50:43 | INFO     utils.metric update   25  --> A new better acc 0.7015 on subject 9 session 0
13:50:49 | INFO     utils.metric update   25  --> A new better acc 0.7250 on subject 9 session 0
13:50:51 | INFO     utils.metric update   25  --> A new better acc 0.7521 on subject 9 session 0
13:51:03 | INFO     utils.metric update   25  --> A new better acc 0.7556 on subject 9 session 0
13:51:22 | INFO     utils.metric update   25  --> A new better acc 0.7579 on subject 9 session 0
13:51:25 | INFO     train.training_opta train    359 Epoch 50/1500 | src_ce: 0.0380, dann: 0.7021, tgt_ce: 0.0078, tri: 0.0160, xconf: 0.0450, source_acc: 99.2446, target_acc: 74.2656, best_acc: 75.7932
13:51:25 | INFO     train.training_opta train    373 Epoch 50/1500 | pool_size: 256, agree_rate: 0.9688, M_t_offdiag_max: 0.4322
13:51:37 | INFO     utils.metric update   25  --> A new better acc 0.7591 on subject 9 session 0
13:51:38 | INFO     utils.metric update   25  --> A new better acc 0.7897 on subject 9 session 0
13:51:38 | INFO     utils.metric update   25  --> A new better acc 0.8002 on subject 9 session 0
13:52:09 | INFO     train.training_opta train    359 Epoch 100/1500 | src_ce: 0.0099, dann: 0.7601, tgt_ce: 0.0047, tri: 0.0261, xconf: 0.0163, source_acc: 99.7398, target_acc: 65.9224, best_acc: 80.0235
13:52:09 | INFO     train.training_opta train    373 Epoch 100/1500 | pool_size: 256, agree_rate: 1.0000, M_t_offdiag_max: 0.6707
13:52:53 | INFO     train.training_opta train    359 Epoch 150/1500 | src_ce: 1.2166, dann: 58.4348, tgt_ce: 0.0750, tri: 0.4923, xconf: 1.3862, source_acc: 46.1306, target_acc: 25.4994, best_acc: 80.0235
13:52:53 | INFO     train.training_opta train    373 Epoch 150/1500 | pool_size: 256, agree_rate: 0.0625, M_t_offdiag_max: 1.0000
13:53:36 | INFO     train.training_opta train    359 Epoch 200/1500 | src_ce: 1.3803, dann: 138.8632, tgt_ce: 0.0655, tri: 0.5021, xconf: 1.3863, source_acc: 30.0235, target_acc: 29.6122, best_acc: 80.0235
13:53:36 | INFO     train.training_opta train    373 Epoch 200/1500 | pool_size: 256, agree_rate: 0.7500, M_t_offdiag_max: 1.0000
13:54:18 | INFO     train.training_opta train    359 Epoch 250/1500 | src_ce: 1.3770, dann: 51.2892, tgt_ce: 0.1349, tri: 0.4980, xconf: 1.3863, source_acc: 34.0524, target_acc: 28.2021, best_acc: 80.0235
13:54:18 | INFO     train.training_opta train    373 Epoch 250/1500 | pool_size: 256, agree_rate: 0.9062, M_t_offdiag_max: 1.0000
13:55:05 | INFO     train.training_opta train    359 Epoch 300/1500 | src_ce: 1.3864, dann: 43.4513, tgt_ce: 0.0632, tri: 0.4977, xconf: 1.3863, source_acc: 28.1685, target_acc: 24.3243, best_acc: 80.0235
13:55:05 | INFO     train.training_opta train    373 Epoch 300/1500 | pool_size: 256, agree_rate: 0.2500, M_t_offdiag_max: 1.0000
13:55:48 | INFO     train.training_opta train    359 Epoch 350/1500 | src_ce: 1.3775, dann: 96.2343, tgt_ce: 0.0550, tri: 0.4996, xconf: 1.3863, source_acc: 21.3866, target_acc: 21.3866, best_acc: 80.0235
13:55:48 | INFO     train.training_opta train    373 Epoch 350/1500 | pool_size: 256, agree_rate: 0.1875, M_t_offdiag_max: 1.0000
13:56:32 | INFO     train.training_opta train    359 Epoch 400/1500 | src_ce: 1.3807, dann: 27.6363, tgt_ce: 0.0552, tri: 0.4996, xconf: 1.3863, source_acc: 25.0294, target_acc: 26.2045, best_acc: 80.0235
13:56:32 | INFO     train.training_opta train    373 Epoch 400/1500 | pool_size: 256, agree_rate: 0.7812, M_t_offdiag_max: 1.0000
13:57:14 | INFO     train.training_opta train    359 Epoch 450/1500 | src_ce: 1.2384, dann: 0.6928, tgt_ce: 0.0956, tri: 0.1007, xconf: 1.2841, source_acc: 21.1264, target_acc: 25.2644, best_acc: 80.0235
13:57:14 | INFO     train.training_opta train    373 Epoch 450/1500 | pool_size: 256, agree_rate: 0.6562, M_t_offdiag_max: 0.9994
13:58:01 | INFO     train.training_opta train    359 Epoch 500/1500 | src_ce: 1.2132, dann: 0.6945, tgt_ce: 0.0961, tri: 0.1847, xconf: 1.2231, source_acc: 32.2394, target_acc: 46.7685, best_acc: 80.0235
13:58:01 | INFO     train.training_opta train    373 Epoch 500/1500 | pool_size: 256, agree_rate: 0.5938, M_t_offdiag_max: 0.9994
13:58:44 | INFO     train.training_opta train    359 Epoch 550/1500 | src_ce: 1.0434, dann: 0.6924, tgt_ce: 0.1320, tri: 0.1338, xconf: 1.0736, source_acc: 52.9545, target_acc: 40.8931, best_acc: 80.0235
13:58:44 | INFO     train.training_opta train    373 Epoch 550/1500 | pool_size: 256, agree_rate: 0.9375, M_t_offdiag_max: 0.9998
13:59:28 | INFO     train.training_opta train    359 Epoch 600/1500 | src_ce: 0.9257, dann: 0.6904, tgt_ce: 0.1394, tri: 0.1243, xconf: 1.0740, source_acc: 62.6826, target_acc: 55.4642, best_acc: 80.0235
13:59:28 | INFO     train.training_opta train    373 Epoch 600/1500 | pool_size: 256, agree_rate: 1.0000, M_t_offdiag_max: 0.8480
14:00:15 | INFO     train.training_opta train    359 Epoch 650/1500 | src_ce: 0.8421, dann: 0.6830, tgt_ce: 0.1182, tri: 0.0788, xconf: 1.1275, source_acc: 57.4954, target_acc: 65.6874, best_acc: 80.0235
14:00:15 | INFO     train.training_opta train    373 Epoch 650/1500 | pool_size: 256, agree_rate: 0.7812, M_t_offdiag_max: 0.9982
14:00:57 | INFO     train.training_opta train    359 Epoch 700/1500 | src_ce: 0.7590, dann: 0.6858, tgt_ce: 0.0913, tri: 0.0869, xconf: 1.1546, source_acc: 68.4992, target_acc: 63.2197, best_acc: 80.0235
14:00:57 | INFO     train.training_opta train    373 Epoch 700/1500 | pool_size: 256, agree_rate: 0.9375, M_t_offdiag_max: 0.9700
14:01:41 | INFO     train.training_opta train    359 Epoch 750/1500 | src_ce: 0.5358, dann: 0.6729, tgt_ce: 0.0785, tri: 0.0548, xconf: 1.0207, source_acc: 65.9392, target_acc: 70.1528, best_acc: 80.0235
14:01:41 | INFO     train.training_opta train    373 Epoch 750/1500 | pool_size: 256, agree_rate: 0.9688, M_t_offdiag_max: 0.9887
14:02:25 | INFO     train.training_opta train    359 Epoch 800/1500 | src_ce: 0.3097, dann: 0.6797, tgt_ce: 0.0247, tri: 0.0753, xconf: 1.3140, source_acc: 79.9899, target_acc: 74.7356, best_acc: 80.0235
14:02:25 | INFO     train.training_opta train    373 Epoch 800/1500 | pool_size: 256, agree_rate: 0.8125, M_t_offdiag_max: 0.5831
14:02:26 | INFO     utils.metric update   25  --> A new better acc 0.8061 on subject 9 session 0
14:02:33 | INFO     utils.metric update   25  --> A new better acc 0.8073 on subject 9 session 0
14:02:48 | INFO     utils.metric update   25  --> A new better acc 0.8237 on subject 9 session 0
14:03:09 | INFO     train.training_opta train    359 Epoch 850/1500 | src_ce: 0.1822, dann: 0.6818, tgt_ce: 0.0314, tri: 0.0762, xconf: 0.6860, source_acc: 85.5548, target_acc: 73.2080, best_acc: 82.3737
14:03:09 | INFO     train.training_opta train    373 Epoch 850/1500 | pool_size: 256, agree_rate: 0.9375, M_t_offdiag_max: 0.6187
14:03:53 | INFO     train.training_opta train    359 Epoch 900/1500 | src_ce: 0.1223, dann: 0.6823, tgt_ce: 0.0390, tri: 0.0389, xconf: 0.4158, source_acc: 84.2035, target_acc: 65.4524, best_acc: 82.3737
14:03:53 | INFO     train.training_opta train    373 Epoch 900/1500 | pool_size: 256, agree_rate: 0.8750, M_t_offdiag_max: 0.7818
14:04:36 | INFO     train.training_opta train    359 Epoch 950/1500 | src_ce: 0.1048, dann: 0.6971, tgt_ce: 0.0352, tri: 0.0363, xconf: 0.4520, source_acc: 83.8677, target_acc: 69.8002, best_acc: 82.3737
14:04:36 | INFO     train.training_opta train    373 Epoch 950/1500 | pool_size: 256, agree_rate: 0.9062, M_t_offdiag_max: 0.8725
14:05:18 | INFO     train.training_opta train    359 Epoch 1000/1500 | src_ce: 0.0727, dann: 0.6913, tgt_ce: 0.0496, tri: 0.0502, xconf: 0.7969, source_acc: 89.4830, target_acc: 70.1528, best_acc: 82.3737
14:05:18 | INFO     train.training_opta train    373 Epoch 1000/1500 | pool_size: 256, agree_rate: 0.9688, M_t_offdiag_max: 0.9984
14:06:05 | INFO     train.training_opta train    359 Epoch 1050/1500 | src_ce: 0.0934, dann: 0.6993, tgt_ce: 0.0054, tri: 0.0207, xconf: 0.5024, source_acc: 91.1868, target_acc: 69.9177, best_acc: 82.3737
14:06:05 | INFO     train.training_opta train    373 Epoch 1050/1500 | pool_size: 256, agree_rate: 0.9375, M_t_offdiag_max: 0.8975
14:06:54 | INFO     train.training_opta train    359 Epoch 1100/1500 | src_ce: 0.0574, dann: 0.7099, tgt_ce: 0.0121, tri: 0.0233, xconf: 0.7482, source_acc: 88.7443, target_acc: 70.0353, best_acc: 82.3737
14:06:54 | INFO     train.training_opta train    373 Epoch 1100/1500 | pool_size: 256, agree_rate: 0.7500, M_t_offdiag_max: 0.9145
14:07:43 | INFO     train.training_opta train    359 Epoch 1150/1500 | src_ce: 0.0657, dann: 0.6993, tgt_ce: 0.0099, tri: 0.0415, xconf: 1.0683, source_acc: 89.2899, target_acc: 68.8602, best_acc: 82.3737
14:07:43 | INFO     train.training_opta train    373 Epoch 1150/1500 | pool_size: 256, agree_rate: 0.9688, M_t_offdiag_max: 0.9730
14:08:28 | INFO     train.training_opta train    359 Epoch 1200/1500 | src_ce: 0.0330, dann: 0.6986, tgt_ce: 0.0240, tri: 0.0290, xconf: 0.6542, source_acc: 92.0849, target_acc: 62.8672, best_acc: 82.3737
14:08:28 | INFO     train.training_opta train    373 Epoch 1200/1500 | pool_size: 256, agree_rate: 0.9375, M_t_offdiag_max: 0.9287
14:09:16 | INFO     train.training_opta train    359 Epoch 1250/1500 | src_ce: 0.0184, dann: 0.7235, tgt_ce: 0.0069, tri: 0.0358, xconf: 0.1619, source_acc: 95.0562, target_acc: 69.6827, best_acc: 82.3737
14:09:16 | INFO     train.training_opta train    373 Epoch 1250/1500 | pool_size: 256, agree_rate: 1.0000, M_t_offdiag_max: 0.9438
14:10:04 | INFO     train.training_opta train    359 Epoch 1300/1500 | src_ce: 0.0216, dann: 0.7277, tgt_ce: 0.0015, tri: 0.0412, xconf: 0.1874, source_acc: 95.1570, target_acc: 56.2867, best_acc: 82.3737
14:10:04 | INFO     train.training_opta train    373 Epoch 1300/1500 | pool_size: 256, agree_rate: 1.0000, M_t_offdiag_max: 0.9778
14:10:50 | INFO     train.training_opta train    359 Epoch 1350/1500 | src_ce: 0.3360, dann: 5.7012, tgt_ce: 0.2257, tri: 0.4312, xconf: 1.3629, source_acc: 64.1095, target_acc: 57.1093, best_acc: 82.3737
14:10:50 | INFO     train.training_opta train    373 Epoch 1350/1500 | pool_size: 256, agree_rate: 0.5938, M_t_offdiag_max: 1.0000
14:11:34 | INFO     train.training_opta train    359 Epoch 1400/1500 | src_ce: 1.3343, dann: 77.3699, tgt_ce: 0.0752, tri: 0.4978, xconf: 1.3863, source_acc: 38.0729, target_acc: 38.7779, best_acc: 82.3737
14:11:34 | INFO     train.training_opta train    373 Epoch 1400/1500 | pool_size: 256, agree_rate: 0.6562, M_t_offdiag_max: 1.0000
14:12:22 | INFO     train.training_opta train    359 Epoch 1450/1500 | src_ce: 1.3932, dann: 150.4320, tgt_ce: 0.0694, tri: 0.4992, xconf: 1.3863, source_acc: 21.1012, target_acc: 22.6792, best_acc: 82.3737
14:12:22 | INFO     train.training_opta train    373 Epoch 1450/1500 | pool_size: 256, agree_rate: 0.0000, M_t_offdiag_max: 1.0000
14:13:07 | INFO     train.training_opta train    359 Epoch 1500/1500 | src_ce: 1.3892, dann: 198.0409, tgt_ce: 0.0229, tri: 0.4993, xconf: 1.3863, source_acc: 23.5689, target_acc: 21.3866, best_acc: 82.3737
14:13:07 | INFO     train.training_opta train    373 Epoch 1500/1500 | pool_size: 256, agree_rate: 0.0000, M_t_offdiag_max: 1.0000
14:13:07 | INFO     __main__ main     189 
--------------> Finished training w.r.t. subject 9 session 0 acc 0.8237
14:13:11 | INFO     data.utils merge_for_all_subjects 74  Merging data and labels....
14:13:11 | INFO     data.utils merge_for_all_subjects 99  Finish merging! data shape: (11914, 62, 5), label shape: (11914,)
14:13:11 | INFO     data.utils merge_for_one_subject 117 Merging data and labels....
14:13:11 | INFO     data.utils merge_for_one_subject 130 Finish merging! data shape: (851, 62, 5), label shape: (851,)
14:13:11 | INFO     model.saber __init__ 108 Use direct distance as adjeceny matrix for GCN.
14:13:11 | INFO     train.training_opta train    164 len of train data: 11914, len of test data: 851
14:13:12 | INFO     utils.metric update   25  --> A new better acc 0.5217 on subject 10 session 0
14:13:12 | INFO     train.training_opta train    359 Epoch 1/1500 | src_ce: 1.0821, dann: 0.6641, tgt_ce: 0.0840, tri: 0.1381, xconf: 1.1415, source_acc: 54.1716, target_acc: 52.1739, best_acc: 52.1739
14:13:12 | INFO     train.training_opta train    373 Epoch 1/1500 | pool_size: 156, agree_rate: 0.7188, M_t_offdiag_max: 0.9757
14:13:14 | INFO     utils.metric update   25  --> A new better acc 0.5605 on subject 10 session 0
14:13:14 | INFO     utils.metric update   25  --> A new better acc 0.6228 on subject 10 session 0
14:13:19 | INFO     utils.metric update   25  --> A new better acc 0.6898 on subject 10 session 0
14:13:53 | INFO     train.training_opta train    359 Epoch 50/1500 | src_ce: 0.0256, dann: 0.7035, tgt_ce: 0.0013, tri: 0.0093, xconf: 0.0716, source_acc: 99.2614, target_acc: 52.4089, best_acc: 68.9777
14:13:53 | INFO     train.training_opta train    373 Epoch 50/1500 | pool_size: 256, agree_rate: 1.0000, M_t_offdiag_max: 0.1446
14:14:36 | INFO     train.training_opta train    359 Epoch 100/1500 | src_ce: 0.0078, dann: 0.7735, tgt_ce: 0.0055, tri: 0.0242, xconf: 0.0102, source_acc: 99.3705, target_acc: 54.6416, best_acc: 68.9777
14:14:36 | INFO     train.training_opta train    373 Epoch 100/1500 | pool_size: 256, agree_rate: 0.9688, M_t_offdiag_max: 0.3315
14:15:18 | INFO     train.training_opta train    359 Epoch 150/1500 | src_ce: 1.1975, dann: 57.5391, tgt_ce: 0.0888, tri: 0.4966, xconf: 1.3842, source_acc: 41.3295, target_acc: 41.7156, best_acc: 68.9777
14:15:18 | INFO     train.training_opta train    373 Epoch 150/1500 | pool_size: 256, agree_rate: 0.0000, M_t_offdiag_max: 1.0000
14:16:02 | INFO     train.training_opta train    359 Epoch 200/1500 | src_ce: 1.3753, dann: 41.5442, tgt_ce: 0.0304, tri: 0.4988, xconf: 1.3863, source_acc: 27.5390, target_acc: 28.9072, best_acc: 68.9777
14:16:02 | INFO     train.training_opta train    373 Epoch 200/1500 | pool_size: 256, agree_rate: 0.0000, M_t_offdiag_max: 1.0000
14:16:46 | INFO     train.training_opta train    359 Epoch 250/1500 | src_ce: 1.3815, dann: 12.8269, tgt_ce: 0.0212, tri: 0.4974, xconf: 1.3863, source_acc: 25.7764, target_acc: 19.3890, best_acc: 68.9777
14:16:46 | INFO     train.training_opta train    373 Epoch 250/1500 | pool_size: 256, agree_rate: 0.0000, M_t_offdiag_max: 1.0000
14:17:30 | INFO     train.training_opta train    359 Epoch 300/1500 | src_ce: 1.1724, dann: 0.6938, tgt_ce: 0.1715, tri: 0.1199, xconf: 1.2900, source_acc: 42.8487, target_acc: 40.7756, best_acc: 68.9777
14:17:30 | INFO     train.training_opta train    373 Epoch 300/1500 | pool_size: 256, agree_rate: 0.7188, M_t_offdiag_max: 0.9932
14:17:34 | INFO     utils.metric update   25  --> A new better acc 0.7274 on subject 10 session 0
14:18:14 | INFO     train.training_opta train    359 Epoch 350/1500 | src_ce: 0.2382, dann: 0.6935, tgt_ce: 0.0223, tri: 0.0332, xconf: 0.2497, source_acc: 81.1147, target_acc: 50.7638, best_acc: 72.7380
14:18:14 | INFO     train.training_opta train    373 Epoch 350/1500 | pool_size: 256, agree_rate: 1.0000, M_t_offdiag_max: 0.1297
14:18:56 | INFO     train.training_opta train    359 Epoch 400/1500 | src_ce: 0.0292, dann: 0.6926, tgt_ce: 0.0027, tri: 0.0164, xconf: 0.0340, source_acc: 99.3117, target_acc: 44.8884, best_acc: 72.7380
14:18:56 | INFO     train.training_opta train    373 Epoch 400/1500 | pool_size: 256, agree_rate: 1.0000, M_t_offdiag_max: 0.1215
14:19:40 | INFO     train.training_opta train    359 Epoch 450/1500 | src_ce: 0.0227, dann: 0.6934, tgt_ce: 0.0111, tri: 0.0291, xconf: 0.0474, source_acc: 98.5060, target_acc: 44.8884, best_acc: 72.7380
14:19:40 | INFO     train.training_opta train    373 Epoch 450/1500 | pool_size: 256, agree_rate: 0.9688, M_t_offdiag_max: 0.7355
14:20:26 | INFO     train.training_opta train    359 Epoch 500/1500 | src_ce: 0.0542, dann: 0.6909, tgt_ce: 0.1017, tri: 0.1042, xconf: 0.3032, source_acc: 98.0443, target_acc: 49.8237, best_acc: 72.7380
14:20:26 | INFO     train.training_opta train    373 Epoch 500/1500 | pool_size: 256, agree_rate: 1.0000, M_t_offdiag_max: 0.9341
14:21:07 | INFO     train.training_opta train    359 Epoch 550/1500 | src_ce: 0.0308, dann: 0.6974, tgt_ce: 0.0386, tri: 0.0411, xconf: 0.1112, source_acc: 97.8093, target_acc: 43.3608, best_acc: 72.7380
14:21:07 | INFO     train.training_opta train    373 Epoch 550/1500 | pool_size: 256, agree_rate: 0.9688, M_t_offdiag_max: 0.9519
14:21:49 | INFO     train.training_opta train    359 Epoch 600/1500 | src_ce: 0.0341, dann: 0.6948, tgt_ce: 0.0461, tri: 0.0968, xconf: 0.1103, source_acc: 95.8872, target_acc: 49.7062, best_acc: 72.7380
14:21:49 | INFO     train.training_opta train    373 Epoch 600/1500 | pool_size: 256, agree_rate: 1.0000, M_t_offdiag_max: 0.9912
14:22:33 | INFO     train.training_opta train    359 Epoch 650/1500 | src_ce: 0.0266, dann: 0.6935, tgt_ce: 0.1626, tri: 0.2309, xconf: 0.3297, source_acc: 99.1271, target_acc: 59.2244, best_acc: 72.7380
14:22:33 | INFO     train.training_opta train    373 Epoch 650/1500 | pool_size: 256, agree_rate: 1.0000, M_t_offdiag_max: 0.9965
14:23:19 | INFO     train.training_opta train    359 Epoch 700/1500 | src_ce: 0.0455, dann: 0.6965, tgt_ce: 0.0910, tri: 0.1080, xconf: 0.5190, source_acc: 96.1390, target_acc: 34.7826, best_acc: 72.7380
14:23:19 | INFO     train.training_opta train    373 Epoch 700/1500 | pool_size: 256, agree_rate: 1.0000, M_t_offdiag_max: 0.9937
14:24:02 | INFO     train.training_opta train    359 Epoch 750/1500 | src_ce: 0.0092, dann: 0.6925, tgt_ce: 0.0424, tri: 0.1324, xconf: 0.9136, source_acc: 95.1654, target_acc: 42.3032, best_acc: 72.7380
14:24:02 | INFO     train.training_opta train    373 Epoch 750/1500 | pool_size: 256, agree_rate: 1.0000, M_t_offdiag_max: 0.9876
14:24:46 | INFO     train.training_opta train    359 Epoch 800/1500 | src_ce: 0.0243, dann: 0.6927, tgt_ce: 0.0051, tri: 0.0978, xconf: 0.4119, source_acc: 98.6235, target_acc: 39.8355, best_acc: 72.7380
14:24:46 | INFO     train.training_opta train    373 Epoch 800/1500 | pool_size: 256, agree_rate: 1.0000, M_t_offdiag_max: 0.9857
14:25:30 | INFO     train.training_opta train    359 Epoch 850/1500 | src_ce: 0.0220, dann: 0.6919, tgt_ce: 0.0305, tri: 0.1546, xconf: 0.3999, source_acc: 99.1523, target_acc: 47.1210, best_acc: 72.7380
14:25:30 | INFO     train.training_opta train    373 Epoch 850/1500 | pool_size: 256, agree_rate: 1.0000, M_t_offdiag_max: 0.9988
14:26:12 | INFO     train.training_opta train    359 Epoch 900/1500 | src_ce: 0.0221, dann: 0.6939, tgt_ce: 0.0009, tri: 0.1102, xconf: 0.0460, source_acc: 99.1774, target_acc: 47.0035, best_acc: 72.7380
14:26:12 | INFO     train.training_opta train    373 Epoch 900/1500 | pool_size: 256, agree_rate: 1.0000, M_t_offdiag_max: 0.9907
14:26:55 | INFO     train.training_opta train    359 Epoch 950/1500 | src_ce: 0.0117, dann: 0.6906, tgt_ce: 0.0306, tri: 0.0947, xconf: 0.7948, source_acc: 98.2709, target_acc: 49.7062, best_acc: 72.7380
14:26:55 | INFO     train.training_opta train    373 Epoch 950/1500 | pool_size: 256, agree_rate: 1.0000, M_t_offdiag_max: 0.9900
14:27:38 | INFO     train.training_opta train    359 Epoch 1000/1500 | src_ce: 0.0301, dann: 0.6921, tgt_ce: 0.0112, tri: 0.1632, xconf: 0.1106, source_acc: 98.5144, target_acc: 50.5288, best_acc: 72.7380
14:27:38 | INFO     train.training_opta train    373 Epoch 1000/1500 | pool_size: 256, agree_rate: 0.9688, M_t_offdiag_max: 0.9884
14:28:25 | INFO     train.training_opta train    359 Epoch 1050/1500 | src_ce: 0.0175, dann: 0.6888, tgt_ce: 0.0160, tri: 0.1186, xconf: 0.7375, source_acc: 98.6570, target_acc: 42.1857, best_acc: 72.7380
14:28:25 | INFO     train.training_opta train    373 Epoch 1050/1500 | pool_size: 256, agree_rate: 1.0000, M_t_offdiag_max: 0.9883
14:29:09 | INFO     train.training_opta train    359 Epoch 1100/1500 | src_ce: 0.0062, dann: 0.6937, tgt_ce: 0.0106, tri: 0.0204, xconf: 0.5831, source_acc: 94.4519, target_acc: 45.5934, best_acc: 72.7380
14:29:09 | INFO     train.training_opta train    373 Epoch 1100/1500 | pool_size: 256, agree_rate: 1.0000, M_t_offdiag_max: 0.9424
14:29:54 | INFO     train.training_opta train    359 Epoch 1150/1500 | src_ce: 0.0200, dann: 0.6930, tgt_ce: 0.0000, tri: 0.0102, xconf: 0.1970, source_acc: 99.1858, target_acc: 48.2961, best_acc: 72.7380
14:29:54 | INFO     train.training_opta train    373 Epoch 1150/1500 | pool_size: 256, agree_rate: 0.9688, M_t_offdiag_max: 0.7982
14:30:39 | INFO     train.training_opta train    359 Epoch 1200/1500 | src_ce: 0.0085, dann: 0.6936, tgt_ce: 0.0000, tri: 0.0226, xconf: 0.0982, source_acc: 98.6486, target_acc: 32.3149, best_acc: 72.7380
14:30:39 | INFO     train.training_opta train    373 Epoch 1200/1500 | pool_size: 256, agree_rate: 1.0000, M_t_offdiag_max: 0.7456
14:31:24 | INFO     train.training_opta train    359 Epoch 1250/1500 | src_ce: 0.0082, dann: 0.6941, tgt_ce: 0.0005, tri: 0.0374, xconf: 0.1212, source_acc: 98.8585, target_acc: 32.3149, best_acc: 72.7380
14:31:24 | INFO     train.training_opta train    373 Epoch 1250/1500 | pool_size: 256, agree_rate: 1.0000, M_t_offdiag_max: 0.9569
14:32:13 | INFO     train.training_opta train    359 Epoch 1300/1500 | src_ce: 0.0075, dann: 0.6930, tgt_ce: 0.0000, tri: 0.0092, xconf: 0.6716, source_acc: 97.5659, target_acc: 32.3149, best_acc: 72.7380
14:32:13 | INFO     train.training_opta train    373 Epoch 1300/1500 | pool_size: 256, agree_rate: 1.0000, M_t_offdiag_max: 0.5877
14:32:59 | INFO     train.training_opta train    359 Epoch 1350/1500 | src_ce: 0.0063, dann: 0.6946, tgt_ce: 0.0159, tri: 0.0155, xconf: 0.1950, source_acc: 98.7326, target_acc: 33.8425, best_acc: 72.7380
14:32:59 | INFO     train.training_opta train    373 Epoch 1350/1500 | pool_size: 256, agree_rate: 1.0000, M_t_offdiag_max: 0.5604
14:33:45 | INFO     train.training_opta train    359 Epoch 1400/1500 | src_ce: 0.0301, dann: 0.6918, tgt_ce: 0.0000, tri: 0.0138, xconf: 0.5026, source_acc: 99.1103, target_acc: 34.9001, best_acc: 72.7380
14:33:45 | INFO     train.training_opta train    373 Epoch 1400/1500 | pool_size: 256, agree_rate: 1.0000, M_t_offdiag_max: 0.6251
14:34:32 | INFO     train.training_opta train    359 Epoch 1450/1500 | src_ce: 0.0052, dann: 0.6950, tgt_ce: 0.0000, tri: 0.0053, xconf: 0.1070, source_acc: 100.0000, target_acc: 39.8355, best_acc: 72.7380
14:34:32 | INFO     train.training_opta train    373 Epoch 1450/1500 | pool_size: 256, agree_rate: 1.0000, M_t_offdiag_max: 0.2308
14:35:19 | INFO     train.training_opta train    359 Epoch 1500/1500 | src_ce: 0.0076, dann: 0.6939, tgt_ce: 0.0068, tri: 0.0082, xconf: 0.1495, source_acc: 99.9245, target_acc: 39.8355, best_acc: 72.7380
14:35:19 | INFO     train.training_opta train    373 Epoch 1500/1500 | pool_size: 256, agree_rate: 1.0000, M_t_offdiag_max: 0.4877
14:35:19 | INFO     __main__ main     189 
--------------> Finished training w.r.t. subject 10 session 0 acc 0.7274
14:35:21 | INFO     data.utils merge_for_all_subjects 74  Merging data and labels....
14:35:21 | INFO     data.utils merge_for_all_subjects 99  Finish merging! data shape: (11914, 62, 5), label shape: (11914,)
14:35:21 | INFO     data.utils merge_for_one_subject 117 Merging data and labels....
14:35:21 | INFO     data.utils merge_for_one_subject 130 Finish merging! data shape: (851, 62, 5), label shape: (851,)
14:35:21 | INFO     model.saber __init__ 108 Use direct distance as adjeceny matrix for GCN.
14:35:21 | INFO     train.training_opta train    164 len of train data: 11914, len of test data: 851
14:35:22 | INFO     utils.metric update   25  --> A new better acc 0.4783 on subject 11 session 0
14:35:22 | INFO     train.training_opta train    359 Epoch 1/1500 | src_ce: 1.0751, dann: 0.6715, tgt_ce: 0.0704, tri: 0.1836, xconf: 1.2410, source_acc: 58.8803, target_acc: 47.8261, best_acc: 47.8261
14:35:22 | INFO     train.training_opta train    373 Epoch 1/1500 | pool_size: 156, agree_rate: 0.7188, M_t_offdiag_max: 0.7962
14:35:25 | INFO     utils.metric update   25  --> A new better acc 0.5053 on subject 11 session 0
14:35:27 | INFO     utils.metric update   25  --> A new better acc 0.5840 on subject 11 session 0
14:35:32 | INFO     utils.metric update   25  --> A new better acc 0.6157 on subject 11 session 0
14:35:33 | INFO     utils.metric update   25  --> A new better acc 0.6486 on subject 11 session 0
14:35:34 | INFO     utils.metric update   25  --> A new better acc 0.6710 on subject 11 session 0
14:35:35 | INFO     utils.metric update   25  --> A new better acc 0.6733 on subject 11 session 0
14:35:38 | INFO     utils.metric update   25  --> A new better acc 0.6769 on subject 11 session 0
14:35:41 | INFO     utils.metric update   25  --> A new better acc 0.6792 on subject 11 session 0
14:35:42 | INFO     utils.metric update   25  --> A new better acc 0.6874 on subject 11 session 0
14:35:49 | INFO     utils.metric update   25  --> A new better acc 0.7074 on subject 11 session 0
14:36:06 | INFO     train.training_opta train    359 Epoch 50/1500 | src_ce: 0.0430, dann: 0.7017, tgt_ce: 0.0013, tri: 0.0171, xconf: 0.0523, source_acc: 99.6391, target_acc: 60.7521, best_acc: 70.7403
14:36:06 | INFO     train.training_opta train    373 Epoch 50/1500 | pool_size: 256, agree_rate: 1.0000, M_t_offdiag_max: 0.2633
14:36:48 | INFO     train.training_opta train    359 Epoch 100/1500 | src_ce: 0.0122, dann: 0.7461, tgt_ce: 0.0090, tri: 0.0273, xconf: 0.0397, source_acc: 99.1355, target_acc: 61.3396, best_acc: 70.7403
14:36:48 | INFO     train.training_opta train    373 Epoch 100/1500 | pool_size: 256, agree_rate: 0.9688, M_t_offdiag_max: 0.6787
14:37:32 | INFO     train.training_opta train    359 Epoch 150/1500 | src_ce: 1.0750, dann: 37.1971, tgt_ce: 0.1213, tri: 0.4859, xconf: 1.3782, source_acc: 59.6105, target_acc: 48.1786, best_acc: 70.7403
14:37:32 | INFO     train.training_opta train    373 Epoch 150/1500 | pool_size: 256, agree_rate: 0.8438, M_t_offdiag_max: 1.0000
14:38:15 | INFO     train.training_opta train    359 Epoch 200/1500 | src_ce: 1.3673, dann: 37.0464, tgt_ce: 0.0301, tri: 0.4985, xconf: 1.3864, source_acc: 30.4264, target_acc: 25.0294, best_acc: 70.7403
14:38:15 | INFO     train.training_opta train    373 Epoch 200/1500 | pool_size: 256, agree_rate: 0.0938, M_t_offdiag_max: 1.0000
14:39:00 | INFO     train.training_opta train    359 Epoch 250/1500 | src_ce: 1.3769, dann: 34.8472, tgt_ce: 0.0158, tri: 0.4907, xconf: 1.3863, source_acc: 35.1855, target_acc: 35.8402, best_acc: 70.7403
14:39:00 | INFO     train.training_opta train    373 Epoch 250/1500 | pool_size: 256, agree_rate: 0.3438, M_t_offdiag_max: 1.0000
14:39:43 | INFO     train.training_opta train    359 Epoch 300/1500 | src_ce: 1.3841, dann: 27.0753, tgt_ce: 0.0306, tri: 0.4914, xconf: 1.3863, source_acc: 33.8174, target_acc: 33.9600, best_acc: 70.7403
14:39:43 | INFO     train.training_opta train    373 Epoch 300/1500 | pool_size: 256, agree_rate: 0.0000, M_t_offdiag_max: 1.0000
14:40:32 | INFO     train.training_opta train    359 Epoch 350/1500 | src_ce: 1.3764, dann: 12.7547, tgt_ce: 0.0195, tri: 0.4953, xconf: 1.3863, source_acc: 32.5667, target_acc: 27.8496, best_acc: 70.7403
14:40:32 | INFO     train.training_opta train    373 Epoch 350/1500 | pool_size: 256, agree_rate: 0.0000, M_t_offdiag_max: 1.0000
14:41:17 | INFO     train.training_opta train    359 Epoch 400/1500 | src_ce: 1.3781, dann: 7.9755, tgt_ce: 0.0142, tri: 0.4995, xconf: 1.3863, source_acc: 21.3866, target_acc: 21.3866, best_acc: 70.7403
14:41:17 | INFO     train.training_opta train    373 Epoch 400/1500 | pool_size: 256, agree_rate: 0.0000, M_t_offdiag_max: 1.0000
14:42:00 | INFO     train.training_opta train    359 Epoch 450/1500 | src_ce: 1.3751, dann: 3.7927, tgt_ce: 0.0481, tri: 0.4996, xconf: 1.3863, source_acc: 21.3866, target_acc: 21.3866, best_acc: 70.7403
14:42:00 | INFO     train.training_opta train    373 Epoch 450/1500 | pool_size: 256, agree_rate: 0.2500, M_t_offdiag_max: 1.0000
14:42:43 | INFO     train.training_opta train    359 Epoch 500/1500 | src_ce: 1.3749, dann: 1.9780, tgt_ce: 0.0493, tri: 0.4997, xconf: 1.3863, source_acc: 25.4323, target_acc: 24.4418, best_acc: 70.7403
14:42:43 | INFO     train.training_opta train    373 Epoch 500/1500 | pool_size: 256, agree_rate: 0.1562, M_t_offdiag_max: 1.0000
14:43:25 | INFO     train.training_opta train    359 Epoch 550/1500 | src_ce: 1.3528, dann: 0.6912, tgt_ce: 0.0892, tri: 0.1814, xconf: 1.3621, source_acc: 14.1095, target_acc: 17.2738, best_acc: 70.7403
14:43:25 | INFO     train.training_opta train    373 Epoch 550/1500 | pool_size: 256, agree_rate: 0.0000, M_t_offdiag_max: 0.9970
14:44:06 | INFO     train.training_opta train    359 Epoch 600/1500 | src_ce: 1.3173, dann: 0.6917, tgt_ce: 0.1232, tri: 0.1807, xconf: 1.3321, source_acc: 31.3329, target_acc: 39.8355, best_acc: 70.7403
14:44:06 | INFO     train.training_opta train    373 Epoch 600/1500 | pool_size: 256, agree_rate: 0.6250, M_t_offdiag_max: 0.9542
14:44:51 | INFO     train.training_opta train    359 Epoch 650/1500 | src_ce: 1.1813, dann: 0.6922, tgt_ce: 0.0925, tri: 0.1104, xconf: 1.2323, source_acc: 44.7121, target_acc: 46.0635, best_acc: 70.7403
14:44:51 | INFO     train.training_opta train    373 Epoch 650/1500 | pool_size: 256, agree_rate: 0.5000, M_t_offdiag_max: 0.9818
14:45:34 | INFO     train.training_opta train    359 Epoch 700/1500 | src_ce: 0.9017, dann: 0.6802, tgt_ce: 0.0922, tri: 0.0519, xconf: 1.0781, source_acc: 51.3262, target_acc: 28.9072, best_acc: 70.7403
14:45:34 | INFO     train.training_opta train    373 Epoch 700/1500 | pool_size: 256, agree_rate: 0.5625, M_t_offdiag_max: 0.9784
14:46:17 | INFO     train.training_opta train    359 Epoch 750/1500 | src_ce: 0.8171, dann: 0.6953, tgt_ce: 0.0647, tri: 0.0488, xconf: 1.2708, source_acc: 56.2364, target_acc: 30.3173, best_acc: 70.7403
14:46:17 | INFO     train.training_opta train    373 Epoch 750/1500 | pool_size: 256, agree_rate: 0.7188, M_t_offdiag_max: 0.7088
14:46:59 | INFO     train.training_opta train    359 Epoch 800/1500 | src_ce: 0.7033, dann: 0.6851, tgt_ce: 0.0412, tri: 0.0456, xconf: 1.0840, source_acc: 60.9535, target_acc: 34.9001, best_acc: 70.7403
14:46:59 | INFO     train.training_opta train    373 Epoch 800/1500 | pool_size: 256, agree_rate: 0.6875, M_t_offdiag_max: 0.7422
14:47:45 | INFO     train.training_opta train    359 Epoch 850/1500 | src_ce: 0.6335, dann: 0.6829, tgt_ce: 0.0448, tri: 0.0437, xconf: 1.1180, source_acc: 61.8936, target_acc: 38.7779, best_acc: 70.7403
14:47:45 | INFO     train.training_opta train    373 Epoch 850/1500 | pool_size: 256, agree_rate: 0.6250, M_t_offdiag_max: 0.8571
14:48:28 | INFO     train.training_opta train    359 Epoch 900/1500 | src_ce: 0.5925, dann: 0.6822, tgt_ce: 0.0368, tri: 0.0373, xconf: 1.1952, source_acc: 71.8650, target_acc: 49.1187, best_acc: 70.7403
14:48:28 | INFO     train.training_opta train    373 Epoch 900/1500 | pool_size: 256, agree_rate: 0.7812, M_t_offdiag_max: 0.7034
14:49:11 | INFO     train.training_opta train    359 Epoch 950/1500 | src_ce: 0.5620, dann: 0.6923, tgt_ce: 0.0216, tri: 0.0199, xconf: 1.2830, source_acc: 76.5990, target_acc: 47.7086, best_acc: 70.7403
14:49:11 | INFO     train.training_opta train    373 Epoch 950/1500 | pool_size: 256, agree_rate: 0.8125, M_t_offdiag_max: 0.7992
14:49:55 | INFO     train.training_opta train    359 Epoch 1000/1500 | src_ce: 0.4790, dann: 0.6873, tgt_ce: 0.0377, tri: 0.0282, xconf: 1.3222, source_acc: 69.1959, target_acc: 47.0035, best_acc: 70.7403
14:49:55 | INFO     train.training_opta train    373 Epoch 1000/1500 | pool_size: 256, agree_rate: 0.8750, M_t_offdiag_max: 0.7490
14:50:44 | INFO     train.training_opta train    359 Epoch 1050/1500 | src_ce: 0.5584, dann: 0.7032, tgt_ce: 0.0240, tri: 0.0361, xconf: 1.7004, source_acc: 76.2380, target_acc: 47.7086, best_acc: 70.7403
14:50:44 | INFO     train.training_opta train    373 Epoch 1050/1500 | pool_size: 256, agree_rate: 0.7812, M_t_offdiag_max: 0.8552
14:51:28 | INFO     train.training_opta train    359 Epoch 1100/1500 | src_ce: 0.4803, dann: 0.6890, tgt_ce: 0.0073, tri: 0.0220, xconf: 1.9054, source_acc: 80.6278, target_acc: 49.0012, best_acc: 70.7403
14:51:28 | INFO     train.training_opta train    373 Epoch 1100/1500 | pool_size: 256, agree_rate: 0.5938, M_t_offdiag_max: 0.7738
14:52:14 | INFO     train.training_opta train    359 Epoch 1150/1500 | src_ce: 0.3961, dann: 0.6837, tgt_ce: 0.0040, tri: 0.0166, xconf: 1.6058, source_acc: 80.3676, target_acc: 47.7086, best_acc: 70.7403
14:52:14 | INFO     train.training_opta train    373 Epoch 1150/1500 | pool_size: 256, agree_rate: 0.7812, M_t_offdiag_max: 0.7976
14:53:02 | INFO     train.training_opta train    359 Epoch 1200/1500 | src_ce: 0.3090, dann: 0.6839, tgt_ce: 0.0062, tri: 0.0153, xconf: 1.7625, source_acc: 80.4935, target_acc: 47.2385, best_acc: 70.7403
14:53:02 | INFO     train.training_opta train    373 Epoch 1200/1500 | pool_size: 256, agree_rate: 0.9375, M_t_offdiag_max: 0.8392
14:53:46 | INFO     train.training_opta train    359 Epoch 1250/1500 | src_ce: 0.2691, dann: 0.6812, tgt_ce: 0.0149, tri: 0.0406, xconf: 1.0115, source_acc: 89.9362, target_acc: 43.9483, best_acc: 70.7403
14:53:46 | INFO     train.training_opta train    373 Epoch 1250/1500 | pool_size: 256, agree_rate: 1.0000, M_t_offdiag_max: 0.7695
14:54:29 | INFO     train.training_opta train    359 Epoch 1300/1500 | src_ce: 0.2499, dann: 0.6818, tgt_ce: 0.0201, tri: 0.0436, xconf: 0.9048, source_acc: 86.8726, target_acc: 47.7086, best_acc: 70.7403
14:54:29 | INFO     train.training_opta train    373 Epoch 1300/1500 | pool_size: 256, agree_rate: 0.8125, M_t_offdiag_max: 0.8932
14:55:18 | INFO     train.training_opta train    359 Epoch 1350/1500 | src_ce: 0.1914, dann: 0.6849, tgt_ce: 0.0045, tri: 0.0197, xconf: 0.8774, source_acc: 91.9926, target_acc: 41.9506, best_acc: 70.7403
14:55:18 | INFO     train.training_opta train    373 Epoch 1350/1500 | pool_size: 256, agree_rate: 0.8125, M_t_offdiag_max: 0.7334
14:56:03 | INFO     train.training_opta train    359 Epoch 1400/1500 | src_ce: 0.1301, dann: 0.6902, tgt_ce: 0.0125, tri: 0.0172, xconf: 0.5347, source_acc: 90.1460, target_acc: 43.5958, best_acc: 70.7403
14:56:03 | INFO     train.training_opta train    373 Epoch 1400/1500 | pool_size: 256, agree_rate: 0.9688, M_t_offdiag_max: 0.8152
14:56:49 | INFO     train.training_opta train    359 Epoch 1450/1500 | src_ce: 0.1509, dann: 0.7104, tgt_ce: 0.0077, tri: 0.0274, xconf: 0.5625, source_acc: 90.8679, target_acc: 41.4806, best_acc: 70.7403
14:56:49 | INFO     train.training_opta train    373 Epoch 1450/1500 | pool_size: 256, agree_rate: 0.8125, M_t_offdiag_max: 0.8665
14:57:36 | INFO     train.training_opta train    359 Epoch 1500/1500 | src_ce: 0.1343, dann: 0.6900, tgt_ce: 0.0039, tri: 0.0221, xconf: 1.0190, source_acc: 92.2025, target_acc: 56.4042, best_acc: 70.7403
14:57:36 | INFO     train.training_opta train    373 Epoch 1500/1500 | pool_size: 256, agree_rate: 0.8438, M_t_offdiag_max: 0.7478
14:57:36 | INFO     __main__ main     189 
--------------> Finished training w.r.t. subject 11 session 0 acc 0.7074
14:57:37 | INFO     data.utils merge_for_all_subjects 74  Merging data and labels....
14:57:37 | INFO     data.utils merge_for_all_subjects 99  Finish merging! data shape: (11914, 62, 5), label shape: (11914,)
14:57:37 | INFO     data.utils merge_for_one_subject 117 Merging data and labels....
14:57:37 | INFO     data.utils merge_for_one_subject 130 Finish merging! data shape: (851, 62, 5), label shape: (851,)
14:57:37 | INFO     model.saber __init__ 108 Use direct distance as adjeceny matrix for GCN.
14:57:38 | INFO     train.training_opta train    164 len of train data: 11914, len of test data: 851
14:57:38 | INFO     utils.metric update   25  --> A new better acc 0.5088 on subject 12 session 0
14:57:39 | INFO     train.training_opta train    359 Epoch 1/1500 | src_ce: 1.1026, dann: 0.6540, tgt_ce: 0.0969, tri: 0.1608, xconf: 1.1530, source_acc: 55.3299, target_acc: 50.8813, best_acc: 50.8813
14:57:39 | INFO     train.training_opta train    373 Epoch 1/1500 | pool_size: 156, agree_rate: 0.8438, M_t_offdiag_max: 0.9642
14:57:39 | INFO     utils.metric update   25  --> A new better acc 0.6592 on subject 12 session 0
14:57:47 | INFO     utils.metric update   25  --> A new better acc 0.6933 on subject 12 session 0
14:58:19 | INFO     train.training_opta train    359 Epoch 50/1500 | src_ce: 0.0124, dann: 0.7114, tgt_ce: 0.0019, tri: 0.0152, xconf: 0.0232, source_acc: 99.4041, target_acc: 61.8096, best_acc: 69.3302
14:58:19 | INFO     train.training_opta train    373 Epoch 50/1500 | pool_size: 256, agree_rate: 1.0000, M_t_offdiag_max: 0.1928
14:58:50 | INFO     utils.metric update   25  --> A new better acc 0.7121 on subject 12 session 0
14:58:50 | INFO     utils.metric update   25  --> A new better acc 0.7203 on subject 12 session 0
14:58:58 | INFO     utils.metric update   25  --> A new better acc 0.7509 on subject 12 session 0
14:59:01 | INFO     utils.metric update   25  --> A new better acc 0.7532 on subject 12 session 0
14:59:01 | INFO     train.training_opta train    359 Epoch 100/1500 | src_ce: 0.0070, dann: 0.7224, tgt_ce: 0.0029, tri: 0.0352, xconf: 0.0220, source_acc: 99.5803, target_acc: 75.3231, best_acc: 75.3231
14:59:01 | INFO     train.training_opta train    373 Epoch 100/1500 | pool_size: 256, agree_rate: 1.0000, M_t_offdiag_max: 0.3665
14:59:43 | INFO     train.training_opta train    359 Epoch 150/1500 | src_ce: 0.4832, dann: 3.7150, tgt_ce: 0.1881, tri: 0.2648, xconf: 1.2589, source_acc: 84.3713, target_acc: 57.3443, best_acc: 75.3231
14:59:43 | INFO     train.training_opta train    373 Epoch 150/1500 | pool_size: 256, agree_rate: 0.9062, M_t_offdiag_max: 0.9976
15:00:28 | INFO     train.training_opta train    359 Epoch 200/1500 | src_ce: 1.3398, dann: 42.1258, tgt_ce: 0.0342, tri: 0.5019, xconf: 1.3863, source_acc: 29.5703, target_acc: 33.6075, best_acc: 75.3231
15:00:28 | INFO     train.training_opta train    373 Epoch 200/1500 | pool_size: 256, agree_rate: 0.0938, M_t_offdiag_max: 1.0000
15:01:09 | INFO     train.training_opta train    359 Epoch 250/1500 | src_ce: 1.3375, dann: 5.7694, tgt_ce: 0.0229, tri: 0.4970, xconf: 1.3863, source_acc: 33.4313, target_acc: 17.3913, best_acc: 75.3231
15:01:09 | INFO     train.training_opta train    373 Epoch 250/1500 | pool_size: 256, agree_rate: 0.0000, M_t_offdiag_max: 1.0000
15:01:51 | INFO     train.training_opta train    359 Epoch 300/1500 | src_ce: 0.1012, dann: 0.6919, tgt_ce: 0.0573, tri: 0.0373, xconf: 0.3294, source_acc: 90.5909, target_acc: 55.2291, best_acc: 75.3231
15:01:51 | INFO     train.training_opta train    373 Epoch 300/1500 | pool_size: 256, agree_rate: 1.0000, M_t_offdiag_max: 0.9023
15:02:33 | INFO     train.training_opta train    359 Epoch 350/1500 | src_ce: 0.0295, dann: 0.6941, tgt_ce: 0.0180, tri: 0.0220, xconf: 0.1388, source_acc: 99.4712, target_acc: 61.3396, best_acc: 75.3231
15:02:33 | INFO     train.training_opta train    373 Epoch 350/1500 | pool_size: 256, agree_rate: 1.0000, M_t_offdiag_max: 0.9615
15:03:19 | INFO     train.training_opta train    359 Epoch 400/1500 | src_ce: 0.0107, dann: 0.6899, tgt_ce: 0.0422, tri: 0.0611, xconf: 0.2449, source_acc: 96.2061, target_acc: 61.3396, best_acc: 75.3231
15:03:19 | INFO     train.training_opta train    373 Epoch 400/1500 | pool_size: 256, agree_rate: 1.0000, M_t_offdiag_max: 0.9785
15:04:02 | INFO     train.training_opta train    359 Epoch 450/1500 | src_ce: 0.0289, dann: 0.6937, tgt_ce: 0.0638, tri: 0.1136, xconf: 0.4426, source_acc: 96.6846, target_acc: 70.8578, best_acc: 75.3231
15:04:02 | INFO     train.training_opta train    373 Epoch 450/1500 | pool_size: 256, agree_rate: 1.0000, M_t_offdiag_max: 0.9892
15:04:46 | INFO     train.training_opta train    359 Epoch 500/1500 | src_ce: 0.0476, dann: 0.6939, tgt_ce: 0.0409, tri: 0.0956, xconf: 0.4282, source_acc: 99.0096, target_acc: 56.0517, best_acc: 75.3231
15:04:46 | INFO     train.training_opta train    373 Epoch 500/1500 | pool_size: 256, agree_rate: 0.9375, M_t_offdiag_max: 0.9651
15:05:29 | INFO     train.training_opta train    359 Epoch 550/1500 | src_ce: 0.0178, dann: 0.6933, tgt_ce: 0.0009, tri: 0.0152, xconf: 0.1106, source_acc: 95.6102, target_acc: 55.2291, best_acc: 75.3231
15:05:29 | INFO     train.training_opta train    373 Epoch 550/1500 | pool_size: 256, agree_rate: 1.0000, M_t_offdiag_max: 0.7570
15:06:14 | INFO     train.training_opta train    359 Epoch 600/1500 | src_ce: 0.0072, dann: 0.6935, tgt_ce: 0.0000, tri: 0.0089, xconf: 0.0324, source_acc: 99.3285, target_acc: 51.1163, best_acc: 75.3231
15:06:14 | INFO     train.training_opta train    373 Epoch 600/1500 | pool_size: 256, agree_rate: 1.0000, M_t_offdiag_max: 0.4696
15:06:56 | INFO     train.training_opta train    359 Epoch 650/1500 | src_ce: 0.0067, dann: 0.6923, tgt_ce: 0.0177, tri: 0.0796, xconf: 0.1238, source_acc: 99.2614, target_acc: 52.0564, best_acc: 75.3231
15:06:56 | INFO     train.training_opta train    373 Epoch 650/1500 | pool_size: 256, agree_rate: 1.0000, M_t_offdiag_max: 0.3405
15:07:40 | INFO     train.training_opta train    359 Epoch 700/1500 | src_ce: 0.0101, dann: 0.6940, tgt_ce: 0.0781, tri: 0.0909, xconf: 0.4146, source_acc: 98.3213, target_acc: 52.0564, best_acc: 75.3231
15:07:40 | INFO     train.training_opta train    373 Epoch 700/1500 | pool_size: 256, agree_rate: 1.0000, M_t_offdiag_max: 0.9728
15:08:23 | INFO     train.training_opta train    359 Epoch 750/1500 | src_ce: 0.0189, dann: 0.6923, tgt_ce: 0.0301, tri: 0.0506, xconf: 1.4957, source_acc: 86.9901, target_acc: 55.5817, best_acc: 75.3231
15:08:23 | INFO     train.training_opta train    373 Epoch 750/1500 | pool_size: 256, agree_rate: 0.9688, M_t_offdiag_max: 0.9452
15:09:07 | INFO     train.training_opta train    359 Epoch 800/1500 | src_ce: 0.0073, dann: 0.6953, tgt_ce: 0.0038, tri: 0.0329, xconf: 0.1518, source_acc: 95.2661, target_acc: 55.5817, best_acc: 75.3231
15:09:07 | INFO     train.training_opta train    373 Epoch 800/1500 | pool_size: 256, agree_rate: 1.0000, M_t_offdiag_max: 0.9890
15:09:50 | INFO     train.training_opta train    359 Epoch 850/1500 | src_ce: 0.0094, dann: 0.6919, tgt_ce: 0.0220, tri: 0.0741, xconf: 1.8437, source_acc: 91.2288, target_acc: 44.3008, best_acc: 75.3231
15:09:50 | INFO     train.training_opta train    373 Epoch 850/1500 | pool_size: 256, agree_rate: 1.0000, M_t_offdiag_max: 0.9678
15:10:32 | INFO     train.training_opta train    359 Epoch 900/1500 | src_ce: 0.0078, dann: 0.6916, tgt_ce: 0.0023, tri: 0.0860, xconf: 1.4335, source_acc: 90.6580, target_acc: 34.3126, best_acc: 75.3231
15:10:32 | INFO     train.training_opta train    373 Epoch 900/1500 | pool_size: 256, agree_rate: 1.0000, M_t_offdiag_max: 0.9874
15:11:18 | INFO     train.training_opta train    359 Epoch 950/1500 | src_ce: 0.0057, dann: 0.6931, tgt_ce: 0.0000, tri: 0.0395, xconf: 0.5697, source_acc: 95.7193, target_acc: 40.0705, best_acc: 75.3231
15:11:18 | INFO     train.training_opta train    373 Epoch 950/1500 | pool_size: 256, agree_rate: 1.0000, M_t_offdiag_max: 0.9634
15:12:06 | INFO     train.training_opta train    359 Epoch 1000/1500 | src_ce: 0.0099, dann: 0.6941, tgt_ce: 0.1463, tri: 0.2133, xconf: 0.4439, source_acc: 89.7012, target_acc: 40.0705, best_acc: 75.3231
15:12:06 | INFO     train.training_opta train    373 Epoch 1000/1500 | pool_size: 256, agree_rate: 1.0000, M_t_offdiag_max: 0.9969
15:12:51 | INFO     train.training_opta train    359 Epoch 1050/1500 | src_ce: 0.0113, dann: 0.6882, tgt_ce: 0.0047, tri: 0.0390, xconf: 0.7811, source_acc: 96.4328, target_acc: 52.5264, best_acc: 75.3231
15:12:51 | INFO     train.training_opta train    373 Epoch 1050/1500 | pool_size: 256, agree_rate: 1.0000, M_t_offdiag_max: 0.9187
15:13:35 | INFO     train.training_opta train    359 Epoch 1100/1500 | src_ce: 0.0059, dann: 0.6927, tgt_ce: 0.0000, tri: 0.0081, xconf: 0.0714, source_acc: 99.7734, target_acc: 52.5264, best_acc: 75.3231
15:13:35 | INFO     train.training_opta train    373 Epoch 1100/1500 | pool_size: 256, agree_rate: 1.0000, M_t_offdiag_max: 0.5785
15:14:23 | INFO     train.training_opta train    359 Epoch 1150/1500 | src_ce: 0.0052, dann: 0.6932, tgt_ce: 0.0000, tri: 0.0055, xconf: 0.0483, source_acc: 100.0000, target_acc: 52.5264, best_acc: 75.3231
15:14:23 | INFO     train.training_opta train    373 Epoch 1150/1500 | pool_size: 256, agree_rate: 1.0000, M_t_offdiag_max: 0.8414
15:15:07 | INFO     train.training_opta train    359 Epoch 1200/1500 | src_ce: 0.0069, dann: 0.6920, tgt_ce: 0.0158, tri: 0.0377, xconf: 1.1450, source_acc: 96.2313, target_acc: 54.7591, best_acc: 75.3231
15:15:07 | INFO     train.training_opta train    373 Epoch 1200/1500 | pool_size: 256, agree_rate: 0.9688, M_t_offdiag_max: 0.7813
15:15:50 | INFO     train.training_opta train    359 Epoch 1250/1500 | src_ce: 0.0057, dann: 0.6939, tgt_ce: 0.0080, tri: 0.0229, xconf: 0.4373, source_acc: 95.1066, target_acc: 52.5264, best_acc: 75.3231
15:15:50 | INFO     train.training_opta train    373 Epoch 1250/1500 | pool_size: 256, agree_rate: 1.0000, M_t_offdiag_max: 0.9820
15:16:37 | INFO     train.training_opta train    359 Epoch 1300/1500 | src_ce: 0.0073, dann: 0.6895, tgt_ce: 0.0115, tri: 0.0698, xconf: 0.9424, source_acc: 95.8452, target_acc: 49.8237, best_acc: 75.3231
15:16:37 | INFO     train.training_opta train    373 Epoch 1300/1500 | pool_size: 256, agree_rate: 1.0000, M_t_offdiag_max: 0.9959
15:17:21 | INFO     train.training_opta train    359 Epoch 1350/1500 | src_ce: 0.0101, dann: 0.6949, tgt_ce: 0.0003, tri: 0.0236, xconf: 0.4036, source_acc: 99.3621, target_acc: 46.8860, best_acc: 75.3231
15:17:21 | INFO     train.training_opta train    373 Epoch 1350/1500 | pool_size: 256, agree_rate: 1.0000, M_t_offdiag_max: 0.9530
15:18:05 | INFO     train.training_opta train    359 Epoch 1400/1500 | src_ce: 0.0159, dann: 0.6937, tgt_ce: 0.0005, tri: 0.0587, xconf: 0.0552, source_acc: 99.7146, target_acc: 51.8214, best_acc: 75.3231
15:18:05 | INFO     train.training_opta train    373 Epoch 1400/1500 | pool_size: 256, agree_rate: 1.0000, M_t_offdiag_max: 0.9319
15:18:47 | INFO     train.training_opta train    359 Epoch 1450/1500 | src_ce: 0.0084, dann: 0.6929, tgt_ce: 0.0149, tri: 0.0615, xconf: 0.7507, source_acc: 98.9172, target_acc: 47.1210, best_acc: 75.3231
15:18:47 | INFO     train.training_opta train    373 Epoch 1450/1500 | pool_size: 256, agree_rate: 0.9062, M_t_offdiag_max: 0.9688
15:19:34 | INFO     train.training_opta train    359 Epoch 1500/1500 | src_ce: 0.0333, dann: 0.6930, tgt_ce: 0.0000, tri: 0.0055, xconf: 0.0755, source_acc: 99.0599, target_acc: 44.3008, best_acc: 75.3231
15:19:34 | INFO     train.training_opta train    373 Epoch 1500/1500 | pool_size: 256, agree_rate: 0.9062, M_t_offdiag_max: 0.8967
15:19:34 | INFO     __main__ main     189 
--------------> Finished training w.r.t. subject 12 session 0 acc 0.7532
15:19:36 | INFO     data.utils merge_for_all_subjects 74  Merging data and labels....
15:19:36 | INFO     data.utils merge_for_all_subjects 99  Finish merging! data shape: (11914, 62, 5), label shape: (11914,)
15:19:36 | INFO     data.utils merge_for_one_subject 117 Merging data and labels....
15:19:36 | INFO     data.utils merge_for_one_subject 130 Finish merging! data shape: (851, 62, 5), label shape: (851,)
15:19:36 | INFO     model.saber __init__ 108 Use direct distance as adjeceny matrix for GCN.
15:19:36 | INFO     train.training_opta train    164 len of train data: 11914, len of test data: 851
15:19:37 | INFO     utils.metric update   25  --> A new better acc 0.3819 on subject 13 session 0
15:19:37 | INFO     train.training_opta train    359 Epoch 1/1500 | src_ce: 1.0653, dann: 0.6362, tgt_ce: 0.0880, tri: 0.1602, xconf: 1.2402, source_acc: 55.2375, target_acc: 38.1904, best_acc: 38.1904
15:19:37 | INFO     train.training_opta train    373 Epoch 1/1500 | pool_size: 156, agree_rate: 0.5312, M_t_offdiag_max: 0.9652
15:19:38 | INFO     utils.metric update   25  --> A new better acc 0.6310 on subject 13 session 0
15:19:39 | INFO     utils.metric update   25  --> A new better acc 0.6475 on subject 13 session 0
15:19:40 | INFO     utils.metric update   25  --> A new better acc 0.6627 on subject 13 session 0
15:20:19 | INFO     train.training_opta train    359 Epoch 50/1500 | src_ce: 0.0230, dann: 0.7035, tgt_ce: 0.0012, tri: 0.0186, xconf: 0.0617, source_acc: 99.3873, target_acc: 42.6557, best_acc: 66.2750
15:20:19 | INFO     train.training_opta train    373 Epoch 50/1500 | pool_size: 256, agree_rate: 1.0000, M_t_offdiag_max: 0.3740
15:21:02 | INFO     train.training_opta train    359 Epoch 100/1500 | src_ce: 0.0116, dann: 0.7558, tgt_ce: 0.0271, tri: 0.0475, xconf: 0.0217, source_acc: 99.2614, target_acc: 35.8402, best_acc: 66.2750
15:21:02 | INFO     train.training_opta train    373 Epoch 100/1500 | pool_size: 256, agree_rate: 1.0000, M_t_offdiag_max: 0.6010
15:21:44 | INFO     train.training_opta train    359 Epoch 150/1500 | src_ce: 1.1026, dann: 50.7417, tgt_ce: 0.0484, tri: 0.4902, xconf: 1.3845, source_acc: 65.1083, target_acc: 55.3467, best_acc: 66.2750
15:21:44 | INFO     train.training_opta train    373 Epoch 150/1500 | pool_size: 256, agree_rate: 0.5312, M_t_offdiag_max: 1.0000
15:22:29 | INFO     train.training_opta train    359 Epoch 200/1500 | src_ce: 1.3767, dann: 274.8245, tgt_ce: 0.0554, tri: 0.5031, xconf: 1.3863, source_acc: 30.9132, target_acc: 36.8978, best_acc: 66.2750
15:22:29 | INFO     train.training_opta train    373 Epoch 200/1500 | pool_size: 256, agree_rate: 0.0312, M_t_offdiag_max: 1.0000
15:23:11 | INFO     train.training_opta train    359 Epoch 250/1500 | src_ce: 1.3811, dann: 115.0615, tgt_ce: 0.0413, tri: 0.4977, xconf: 1.3863, source_acc: 31.8113, target_acc: 38.5429, best_acc: 66.2750
15:23:11 | INFO     train.training_opta train    373 Epoch 250/1500 | pool_size: 256, agree_rate: 0.9375, M_t_offdiag_max: 1.0000
15:23:53 | INFO     train.training_opta train    359 Epoch 300/1500 | src_ce: 1.3839, dann: 4.2311, tgt_ce: 0.0470, tri: 0.4956, xconf: 1.3863, source_acc: 22.2176, target_acc: 27.2620, best_acc: 66.2750
15:23:53 | INFO     train.training_opta train    373 Epoch 300/1500 | pool_size: 256, agree_rate: 0.1875, M_t_offdiag_max: 1.0000
15:24:36 | INFO     train.training_opta train    359 Epoch 350/1500 | src_ce: 1.1474, dann: 0.6918, tgt_ce: 0.1109, tri: 0.1163, xconf: 1.1939, source_acc: 37.0656, target_acc: 46.2985, best_acc: 66.2750
15:24:36 | INFO     train.training_opta train    373 Epoch 350/1500 | pool_size: 256, agree_rate: 0.6875, M_t_offdiag_max: 0.9547
15:25:20 | INFO     train.training_opta train    359 Epoch 400/1500 | src_ce: 0.7691, dann: 0.6796, tgt_ce: 0.0980, tri: 0.1026, xconf: 0.7735, source_acc: 67.2318, target_acc: 31.0223, best_acc: 66.2750
15:25:20 | INFO     train.training_opta train    373 Epoch 400/1500 | pool_size: 256, agree_rate: 0.9375, M_t_offdiag_max: 0.8678
15:26:01 | INFO     train.training_opta train    359 Epoch 450/1500 | src_ce: 0.6746, dann: 0.6671, tgt_ce: 0.0480, tri: 0.1264, xconf: 0.7400, source_acc: 67.2738, target_acc: 53.3490, best_acc: 66.2750
15:26:01 | INFO     train.training_opta train    373 Epoch 450/1500 | pool_size: 256, agree_rate: 0.9375, M_t_offdiag_max: 0.2753
15:26:43 | INFO     train.training_opta train    359 Epoch 500/1500 | src_ce: 0.4278, dann: 0.6795, tgt_ce: 0.0271, tri: 0.0628, xconf: 0.5522, source_acc: 85.2694, target_acc: 55.3467, best_acc: 66.2750
15:26:43 | INFO     train.training_opta train    373 Epoch 500/1500 | pool_size: 256, agree_rate: 0.9375, M_t_offdiag_max: 0.1941
15:27:25 | INFO     train.training_opta train    359 Epoch 550/1500 | src_ce: 0.2580, dann: 0.6889, tgt_ce: 0.0137, tri: 0.0429, xconf: 0.3686, source_acc: 91.8751, target_acc: 45.3584, best_acc: 66.2750
15:27:25 | INFO     train.training_opta train    373 Epoch 550/1500 | pool_size: 256, agree_rate: 1.0000, M_t_offdiag_max: 0.3092
15:28:08 | INFO     train.training_opta train    359 Epoch 600/1500 | src_ce: 0.1100, dann: 0.6977, tgt_ce: 0.0072, tri: 0.0372, xconf: 0.1425, source_acc: 96.7517, target_acc: 38.3079, best_acc: 66.2750
15:28:08 | INFO     train.training_opta train    373 Epoch 600/1500 | pool_size: 256, agree_rate: 1.0000, M_t_offdiag_max: 0.3080
15:28:54 | INFO     train.training_opta train    359 Epoch 650/1500 | src_ce: 0.1008, dann: 0.7000, tgt_ce: 0.0025, tri: 0.0324, xconf: 0.1810, source_acc: 97.3309, target_acc: 38.3079, best_acc: 66.2750
15:28:54 | INFO     train.training_opta train    373 Epoch 650/1500 | pool_size: 256, agree_rate: 0.9688, M_t_offdiag_max: 0.1137
15:29:39 | INFO     train.training_opta train    359 Epoch 700/1500 | src_ce: 0.1358, dann: 0.6920, tgt_ce: 0.0035, tri: 0.0336, xconf: 0.2418, source_acc: 98.3633, target_acc: 43.4783, best_acc: 66.2750
15:29:39 | INFO     train.training_opta train    373 Epoch 700/1500 | pool_size: 256, agree_rate: 1.0000, M_t_offdiag_max: 0.3060
15:30:22 | INFO     train.training_opta train    359 Epoch 750/1500 | src_ce: 0.0950, dann: 0.6935, tgt_ce: 0.0920, tri: 0.2587, xconf: 0.2426, source_acc: 97.5995, target_acc: 48.4136, best_acc: 66.2750
15:30:22 | INFO     train.training_opta train    373 Epoch 750/1500 | pool_size: 256, agree_rate: 1.0000, M_t_offdiag_max: 0.9706
15:31:08 | INFO     train.training_opta train    359 Epoch 800/1500 | src_ce: 0.0547, dann: 0.6913, tgt_ce: 0.0233, tri: 0.0317, xconf: 0.0801, source_acc: 96.9616, target_acc: 35.8402, best_acc: 66.2750
15:31:08 | INFO     train.training_opta train    373 Epoch 800/1500 | pool_size: 256, agree_rate: 1.0000, M_t_offdiag_max: 0.7904
15:31:50 | INFO     train.training_opta train    359 Epoch 850/1500 | src_ce: 0.0178, dann: 0.6977, tgt_ce: 0.0006, tri: 0.0200, xconf: 0.0694, source_acc: 98.8585, target_acc: 40.8931, best_acc: 66.2750
15:31:50 | INFO     train.training_opta train    373 Epoch 850/1500 | pool_size: 256, agree_rate: 1.0000, M_t_offdiag_max: 0.2045
15:32:32 | INFO     train.training_opta train    359 Epoch 900/1500 | src_ce: 0.0212, dann: 0.6926, tgt_ce: 0.0098, tri: 0.0332, xconf: 0.1078, source_acc: 98.9088, target_acc: 48.4136, best_acc: 66.2750
15:32:32 | INFO     train.training_opta train    373 Epoch 900/1500 | pool_size: 256, agree_rate: 1.0000, M_t_offdiag_max: 0.8227
15:33:15 | INFO     train.training_opta train    359 Epoch 950/1500 | src_ce: 0.0155, dann: 0.6918, tgt_ce: 0.0511, tri: 0.0430, xconf: 0.1627, source_acc: 91.9171, target_acc: 36.4277, best_acc: 66.2750
15:33:15 | INFO     train.training_opta train    373 Epoch 950/1500 | pool_size: 256, agree_rate: 1.0000, M_t_offdiag_max: 0.9809
15:33:57 | INFO     train.training_opta train    359 Epoch 1000/1500 | src_ce: 0.0153, dann: 0.6948, tgt_ce: 0.1409, tri: 0.0685, xconf: 0.3681, source_acc: 99.8741, target_acc: 36.7803, best_acc: 66.2750
15:33:57 | INFO     train.training_opta train    373 Epoch 1000/1500 | pool_size: 256, agree_rate: 1.0000, M_t_offdiag_max: 0.9991
15:34:45 | INFO     train.training_opta train    359 Epoch 1050/1500 | src_ce: 0.0390, dann: 0.6924, tgt_ce: 0.0026, tri: 0.0087, xconf: 0.2137, source_acc: 98.4136, target_acc: 44.5358, best_acc: 66.2750
15:34:45 | INFO     train.training_opta train    373 Epoch 1050/1500 | pool_size: 256, agree_rate: 0.8125, M_t_offdiag_max: 0.4878
15:35:30 | INFO     train.training_opta train    359 Epoch 1100/1500 | src_ce: 0.0907, dann: 0.6953, tgt_ce: 0.0105, tri: 0.0013, xconf: 0.1513, source_acc: 94.6617, target_acc: 26.4395, best_acc: 66.2750
15:35:30 | INFO     train.training_opta train    373 Epoch 1100/1500 | pool_size: 256, agree_rate: 1.0000, M_t_offdiag_max: 0.0423
15:36:15 | INFO     train.training_opta train    359 Epoch 1150/1500 | src_ce: 0.1787, dann: 0.6936, tgt_ce: 0.0122, tri: 0.0209, xconf: 1.1543, source_acc: 94.5946, target_acc: 35.6052, best_acc: 66.2750
15:36:15 | INFO     train.training_opta train    373 Epoch 1150/1500 | pool_size: 256, agree_rate: 1.0000, M_t_offdiag_max: 0.0603
15:37:02 | INFO     train.training_opta train    359 Epoch 1200/1500 | src_ce: 0.0425, dann: 0.7007, tgt_ce: 0.0007, tri: 0.0044, xconf: 0.2704, source_acc: 99.6559, target_acc: 31.8449, best_acc: 66.2750
15:37:02 | INFO     train.training_opta train    373 Epoch 1200/1500 | pool_size: 256, agree_rate: 0.9688, M_t_offdiag_max: 0.0614
15:37:49 | INFO     train.training_opta train    359 Epoch 1250/1500 | src_ce: 0.0072, dann: 0.6939, tgt_ce: 0.0000, tri: 0.0052, xconf: 0.0310, source_acc: 100.0000, target_acc: 29.0247, best_acc: 66.2750
15:37:49 | INFO     train.training_opta train    373 Epoch 1250/1500 | pool_size: 256, agree_rate: 1.0000, M_t_offdiag_max: 0.4573
15:38:34 | INFO     train.training_opta train    359 Epoch 1300/1500 | src_ce: 0.0069, dann: 0.6938, tgt_ce: 0.0000, tri: 0.0101, xconf: 0.0397, source_acc: 99.1942, target_acc: 31.1398, best_acc: 66.2750
15:38:34 | INFO     train.training_opta train    373 Epoch 1300/1500 | pool_size: 256, agree_rate: 1.0000, M_t_offdiag_max: 0.7701
15:39:21 | INFO     train.training_opta train    359 Epoch 1350/1500 | src_ce: 0.0069, dann: 0.6921, tgt_ce: 0.0099, tri: 0.0951, xconf: 0.0446, source_acc: 100.0000, target_acc: 35.0176, best_acc: 66.2750
15:39:21 | INFO     train.training_opta train    373 Epoch 1350/1500 | pool_size: 256, agree_rate: 1.0000, M_t_offdiag_max: 0.9554
15:40:07 | INFO     train.training_opta train    359 Epoch 1400/1500 | src_ce: 0.0379, dann: 0.6908, tgt_ce: 0.0099, tri: 0.0191, xconf: 0.1268, source_acc: 100.0000, target_acc: 35.3702, best_acc: 66.2750
15:40:07 | INFO     train.training_opta train    373 Epoch 1400/1500 | pool_size: 256, agree_rate: 1.0000, M_t_offdiag_max: 0.8480
15:40:55 | INFO     train.training_opta train    359 Epoch 1450/1500 | src_ce: 0.0157, dann: 0.6895, tgt_ce: 0.0013, tri: 0.0070, xconf: 0.0401, source_acc: 98.8501, target_acc: 37.1328, best_acc: 66.2750
15:40:55 | INFO     train.training_opta train    373 Epoch 1450/1500 | pool_size: 256, agree_rate: 1.0000, M_t_offdiag_max: 0.5898
15:41:44 | INFO     train.training_opta train    359 Epoch 1500/1500 | src_ce: 0.2014, dann: 0.6947, tgt_ce: 0.0237, tri: 0.0017, xconf: 0.2289, source_acc: 88.4254, target_acc: 47.9436, best_acc: 66.2750
15:41:44 | INFO     train.training_opta train    373 Epoch 1500/1500 | pool_size: 256, agree_rate: 1.0000, M_t_offdiag_max: 0.0601
15:41:44 | INFO     __main__ main     189 
--------------> Finished training w.r.t. subject 13 session 0 acc 0.6627
15:41:45 | INFO     data.utils merge_for_all_subjects 74  Merging data and labels....
15:41:45 | INFO     data.utils merge_for_all_subjects 99  Finish merging! data shape: (11914, 62, 5), label shape: (11914,)
15:41:45 | INFO     data.utils merge_for_one_subject 117 Merging data and labels....
15:41:45 | INFO     data.utils merge_for_one_subject 130 Finish merging! data shape: (851, 62, 5), label shape: (851,)
15:41:45 | INFO     model.saber __init__ 108 Use direct distance as adjeceny matrix for GCN.
15:41:45 | INFO     train.training_opta train    164 len of train data: 11914, len of test data: 851
15:41:46 | INFO     utils.metric update   25  --> A new better acc 0.4066 on subject 14 session 0
15:41:47 | INFO     train.training_opta train    359 Epoch 1/1500 | src_ce: 1.0797, dann: 0.6692, tgt_ce: 0.0733, tri: 0.1736, xconf: 1.2671, source_acc: 45.3500, target_acc: 40.6580, best_acc: 40.6580
15:41:47 | INFO     train.training_opta train    373 Epoch 1/1500 | pool_size: 156, agree_rate: 0.5938, M_t_offdiag_max: 0.9381
15:41:47 | INFO     utils.metric update   25  --> A new better acc 0.4665 on subject 14 session 0
15:41:48 | INFO     utils.metric update   25  --> A new better acc 0.5088 on subject 14 session 0
15:41:50 | INFO     utils.metric update   25  --> A new better acc 0.6087 on subject 14 session 0
15:41:53 | INFO     utils.metric update   25  --> A new better acc 0.6157 on subject 14 session 0
15:41:56 | INFO     utils.metric update   25  --> A new better acc 0.6251 on subject 14 session 0
15:41:57 | INFO     utils.metric update   25  --> A new better acc 0.6334 on subject 14 session 0
15:42:00 | INFO     utils.metric update   25  --> A new better acc 0.6545 on subject 14 session 0
15:42:01 | INFO     utils.metric update   25  --> A new better acc 0.6604 on subject 14 session 0
15:42:09 | INFO     utils.metric update   25  --> A new better acc 0.7015 on subject 14 session 0
15:42:10 | INFO     utils.metric update   25  --> A new better acc 0.7838 on subject 14 session 0
15:42:29 | INFO     train.training_opta train    359 Epoch 50/1500 | src_ce: 0.0063, dann: 0.7031, tgt_ce: 0.0027, tri: 0.0165, xconf: 0.0125, source_acc: 99.6810, target_acc: 62.2797, best_acc: 78.3784
15:42:29 | INFO     train.training_opta train    373 Epoch 50/1500 | pool_size: 256, agree_rate: 0.9688, M_t_offdiag_max: 0.1377
15:43:11 | INFO     train.training_opta train    359 Epoch 100/1500 | src_ce: 0.0083, dann: 0.7574, tgt_ce: 0.0030, tri: 0.0250, xconf: 0.0116, source_acc: 99.8153, target_acc: 70.3878, best_acc: 78.3784
15:43:11 | INFO     train.training_opta train    373 Epoch 100/1500 | pool_size: 256, agree_rate: 1.0000, M_t_offdiag_max: 0.4516
15:43:16 | INFO     utils.metric update   25  --> A new better acc 0.7932 on subject 14 session 0
15:43:27 | INFO     utils.metric update   25  --> A new better acc 0.8002 on subject 14 session 0
15:43:56 | INFO     train.training_opta train    359 Epoch 150/1500 | src_ce: 1.0660, dann: 37.9265, tgt_ce: 0.1131, tri: 0.5370, xconf: 1.3623, source_acc: 54.5325, target_acc: 38.5429, best_acc: 80.0235
15:43:56 | INFO     train.training_opta train    373 Epoch 150/1500 | pool_size: 256, agree_rate: 0.7500, M_t_offdiag_max: 1.0000
15:44:39 | INFO     train.training_opta train    359 Epoch 200/1500 | src_ce: 1.3890, dann: 164.1079, tgt_ce: 0.0576, tri: 0.5032, xconf: 1.3863, source_acc: 31.3497, target_acc: 36.5452, best_acc: 80.0235
15:44:39 | INFO     train.training_opta train    373 Epoch 200/1500 | pool_size: 256, agree_rate: 0.2500, M_t_offdiag_max: 1.0000
15:45:25 | INFO     train.training_opta train    359 Epoch 250/1500 | src_ce: 1.3795, dann: 19.1691, tgt_ce: 0.0420, tri: 0.4996, xconf: 1.3863, source_acc: 21.3866, target_acc: 21.3866, best_acc: 80.0235
15:45:25 | INFO     train.training_opta train    373 Epoch 250/1500 | pool_size: 256, agree_rate: 0.1250, M_t_offdiag_max: 1.0000
15:46:08 | INFO     train.training_opta train    359 Epoch 300/1500 | src_ce: 1.3797, dann: 0.7839, tgt_ce: 0.0469, tri: 0.4795, xconf: 1.3863, source_acc: 31.9036, target_acc: 13.5135, best_acc: 80.0235
15:46:08 | INFO     train.training_opta train    373 Epoch 300/1500 | pool_size: 256, agree_rate: 0.0312, M_t_offdiag_max: 1.0000
15:46:50 | INFO     train.training_opta train    359 Epoch 350/1500 | src_ce: 0.5484, dann: 0.6870, tgt_ce: 0.1081, tri: 0.0571, xconf: 0.6064, source_acc: 83.6663, target_acc: 47.5911, best_acc: 80.0235
15:46:50 | INFO     train.training_opta train    373 Epoch 350/1500 | pool_size: 256, agree_rate: 1.0000, M_t_offdiag_max: 0.6913
15:47:33 | INFO     train.training_opta train    359 Epoch 400/1500 | src_ce: 0.2067, dann: 0.6937, tgt_ce: 0.0282, tri: 0.0426, xconf: 0.2207, source_acc: 86.5201, target_acc: 51.1163, best_acc: 80.0235
15:47:33 | INFO     train.training_opta train    373 Epoch 400/1500 | pool_size: 256, agree_rate: 0.9375, M_t_offdiag_max: 0.1989
15:48:16 | INFO     train.training_opta train    359 Epoch 450/1500 | src_ce: 0.1316, dann: 0.6958, tgt_ce: 0.0089, tri: 0.0150, xconf: 0.1301, source_acc: 95.6270, target_acc: 57.5793, best_acc: 80.0235
15:48:16 | INFO     train.training_opta train    373 Epoch 450/1500 | pool_size: 256, agree_rate: 1.0000, M_t_offdiag_max: 0.1015
15:48:59 | INFO     train.training_opta train    359 Epoch 500/1500 | src_ce: 0.0440, dann: 0.6934, tgt_ce: 0.0116, tri: 0.0208, xconf: 0.0699, source_acc: 99.2194, target_acc: 58.1669, best_acc: 80.0235
15:48:59 | INFO     train.training_opta train    373 Epoch 500/1500 | pool_size: 256, agree_rate: 1.0000, M_t_offdiag_max: 0.4232
15:49:42 | INFO     train.training_opta train    359 Epoch 550/1500 | src_ce: 0.0194, dann: 0.6952, tgt_ce: 0.0171, tri: 0.0249, xconf: 0.0756, source_acc: 94.8632, target_acc: 46.7685, best_acc: 80.0235
15:49:42 | INFO     train.training_opta train    373 Epoch 550/1500 | pool_size: 256, agree_rate: 1.0000, M_t_offdiag_max: 0.8610
15:50:24 | INFO     train.training_opta train    359 Epoch 600/1500 | src_ce: 0.0250, dann: 0.6928, tgt_ce: 0.0572, tri: 0.0566, xconf: 0.1981, source_acc: 98.9928, target_acc: 40.4230, best_acc: 80.0235
15:50:24 | INFO     train.training_opta train    373 Epoch 600/1500 | pool_size: 256, agree_rate: 1.0000, M_t_offdiag_max: 0.9589
15:51:08 | INFO     train.training_opta train    359 Epoch 650/1500 | src_ce: 0.0134, dann: 0.6918, tgt_ce: 0.0350, tri: 0.1118, xconf: 0.1296, source_acc: 96.1726, target_acc: 52.6439, best_acc: 80.0235
15:51:08 | INFO     train.training_opta train    373 Epoch 650/1500 | pool_size: 256, agree_rate: 1.0000, M_t_offdiag_max: 0.9929
15:51:52 | INFO     train.training_opta train    359 Epoch 700/1500 | src_ce: 0.0158, dann: 0.6930, tgt_ce: 0.0094, tri: 0.1283, xconf: 0.0753, source_acc: 96.1306, target_acc: 47.4736, best_acc: 80.0235
15:51:52 | INFO     train.training_opta train    373 Epoch 700/1500 | pool_size: 256, agree_rate: 1.0000, M_t_offdiag_max: 0.9901
15:52:36 | INFO     train.training_opta train    359 Epoch 750/1500 | src_ce: 0.0113, dann: 0.6930, tgt_ce: 0.0190, tri: 0.1236, xconf: 0.1766, source_acc: 98.7578, target_acc: 42.7732, best_acc: 80.0235
15:52:36 | INFO     train.training_opta train    373 Epoch 750/1500 | pool_size: 256, agree_rate: 1.0000, M_t_offdiag_max: 0.9959
15:53:20 | INFO     train.training_opta train    359 Epoch 800/1500 | src_ce: 0.0148, dann: 0.6914, tgt_ce: 0.0075, tri: 0.1481, xconf: 0.0521, source_acc: 96.1978, target_acc: 52.6439, best_acc: 80.0235
15:53:20 | INFO     train.training_opta train    373 Epoch 800/1500 | pool_size: 256, agree_rate: 1.0000, M_t_offdiag_max: 0.9980
15:54:03 | INFO     train.training_opta train    359 Epoch 850/1500 | src_ce: 0.0129, dann: 0.6939, tgt_ce: 0.0131, tri: 0.1032, xconf: 0.4102, source_acc: 96.7853, target_acc: 59.2244, best_acc: 80.0235
15:54:03 | INFO     train.training_opta train    373 Epoch 850/1500 | pool_size: 256, agree_rate: 1.0000, M_t_offdiag_max: 0.9801
15:54:46 | INFO     train.training_opta train    359 Epoch 900/1500 | src_ce: 0.0065, dann: 0.6922, tgt_ce: 0.0006, tri: 0.1277, xconf: 0.0959, source_acc: 99.1942, target_acc: 43.5958, best_acc: 80.0235
15:54:46 | INFO     train.training_opta train    373 Epoch 900/1500 | pool_size: 256, agree_rate: 1.0000, M_t_offdiag_max: 0.9903
15:55:28 | INFO     train.training_opta train    359 Epoch 950/1500 | src_ce: 0.0087, dann: 0.6925, tgt_ce: 0.0040, tri: 0.1496, xconf: 0.0411, source_acc: 99.4208, target_acc: 41.8331, best_acc: 80.0235
15:55:28 | INFO     train.training_opta train    373 Epoch 950/1500 | pool_size: 256, agree_rate: 1.0000, M_t_offdiag_max: 0.9974
15:56:12 | INFO     train.training_opta train    359 Epoch 1000/1500 | src_ce: 0.0156, dann: 0.6928, tgt_ce: 0.0003, tri: 0.0598, xconf: 0.2005, source_acc: 99.4712, target_acc: 38.0729, best_acc: 80.0235
15:56:12 | INFO     train.training_opta train    373 Epoch 1000/1500 | pool_size: 256, agree_rate: 1.0000, M_t_offdiag_max: 0.9795
15:56:57 | INFO     train.training_opta train    359 Epoch 1050/1500 | src_ce: 0.0117, dann: 0.6916, tgt_ce: 0.0236, tri: 0.0640, xconf: 0.0484, source_acc: 99.8237, target_acc: 55.2291, best_acc: 80.0235
15:56:57 | INFO     train.training_opta train    373 Epoch 1050/1500 | pool_size: 256, agree_rate: 0.9375, M_t_offdiag_max: 0.9950
15:57:43 | INFO     train.training_opta train    359 Epoch 1100/1500 | src_ce: 0.0108, dann: 0.6934, tgt_ce: 0.0014, tri: 0.0481, xconf: 0.5687, source_acc: 98.8921, target_acc: 44.4183, best_acc: 80.0235
15:57:43 | INFO     train.training_opta train    373 Epoch 1100/1500 | pool_size: 256, agree_rate: 1.0000, M_t_offdiag_max: 0.9892
15:58:28 | INFO     train.training_opta train    359 Epoch 1150/1500 | src_ce: 0.0112, dann: 0.6933, tgt_ce: 0.0000, tri: 0.0159, xconf: 0.5113, source_acc: 99.6391, target_acc: 44.4183, best_acc: 80.0235
15:58:28 | INFO     train.training_opta train    373 Epoch 1150/1500 | pool_size: 256, agree_rate: 1.0000, M_t_offdiag_max: 0.9661
15:59:13 | INFO     train.training_opta train    359 Epoch 1200/1500 | src_ce: 0.0088, dann: 0.6931, tgt_ce: 0.0004, tri: 0.0515, xconf: 0.1263, source_acc: 99.8993, target_acc: 49.5887, best_acc: 80.0235
15:59:13 | INFO     train.training_opta train    373 Epoch 1200/1500 | pool_size: 256, agree_rate: 1.0000, M_t_offdiag_max: 0.9912
15:59:59 | INFO     train.training_opta train    359 Epoch 1250/1500 | src_ce: 0.0096, dann: 0.6933, tgt_ce: 0.0094, tri: 0.0414, xconf: 0.9276, source_acc: 94.8044, target_acc: 49.5887, best_acc: 80.0235
15:59:59 | INFO     train.training_opta train    373 Epoch 1250/1500 | pool_size: 256, agree_rate: 1.0000, M_t_offdiag_max: 0.9558
16:00:46 | INFO     train.training_opta train    359 Epoch 1300/1500 | src_ce: 0.0070, dann: 0.6920, tgt_ce: 0.0000, tri: 0.0145, xconf: 0.0952, source_acc: 99.9748, target_acc: 48.5311, best_acc: 80.0235
16:00:46 | INFO     train.training_opta train    373 Epoch 1300/1500 | pool_size: 256, agree_rate: 1.0000, M_t_offdiag_max: 0.9348
16:01:34 | INFO     train.training_opta train    359 Epoch 1350/1500 | src_ce: 0.0055, dann: 0.6933, tgt_ce: 0.0000, tri: 0.0031, xconf: 0.0981, source_acc: 99.7062, target_acc: 44.4183, best_acc: 80.0235
16:01:34 | INFO     train.training_opta train    373 Epoch 1350/1500 | pool_size: 256, agree_rate: 1.0000, M_t_offdiag_max: 0.8667
16:02:21 | INFO     train.training_opta train    359 Epoch 1400/1500 | src_ce: 0.0148, dann: 0.7011, tgt_ce: 0.0165, tri: 0.0456, xconf: 0.2492, source_acc: 99.8573, target_acc: 44.4183, best_acc: 80.0235
16:02:21 | INFO     train.training_opta train    373 Epoch 1400/1500 | pool_size: 256, agree_rate: 1.0000, M_t_offdiag_max: 0.9566
16:03:06 | INFO     train.training_opta train    359 Epoch 1450/1500 | src_ce: 0.0062, dann: 0.6932, tgt_ce: 0.0027, tri: 0.0461, xconf: 0.2143, source_acc: 99.4292, target_acc: 44.4183, best_acc: 80.0235
16:03:06 | INFO     train.training_opta train    373 Epoch 1450/1500 | pool_size: 256, agree_rate: 0.9375, M_t_offdiag_max: 0.9627
16:03:49 | INFO     train.training_opta train    359 Epoch 1500/1500 | src_ce: 0.0101, dann: 0.6943, tgt_ce: 0.0000, tri: 0.0107, xconf: 0.5206, source_acc: 98.4556, target_acc: 36.8978, best_acc: 80.0235
16:03:49 | INFO     train.training_opta train    373 Epoch 1500/1500 | pool_size: 256, agree_rate: 0.8750, M_t_offdiag_max: 0.7376
16:03:49 | INFO     __main__ main     189 
--------------> Finished training w.r.t. subject 14 session 0 acc 0.8002
16:03:49 | INFO     __main__ main     198 
-----------> Finished training for all subjects!!!!
16:03:49 | INFO     __main__ main     201 One best session acc: mean 0.7396 std 0.0987

